id, state, user, employee_open, user_closed, employee_merged, days_opened, number_of_comments, days_between_first_and_last_comment, days_first_comment_after_creation, days_last_comment_before_closed
1000,closed,J-tt,false,null,false,15,0,null,null,null
1003,closed,sdimkov,false,technicalpickles,false,50,0,null,null,null
1004,closed,sdimkov,false,technicalpickles,false,11,1,0,0,11
1005,closed,bkeepers,true,bkeepers,false,11,0,null,null,null
1006,closed,jennifersmith,false,michaelansel,false,1,0,null,null,null
1007,closed,MyvarHD,false,michaelansel,false,2,0,null,null,null
101,closed,allanca,false,null,false,0,6,3,0,2
1011,closed,sdimkov,false,technicalpickles,false,21,0,null,null,null
1012,closed,alininja,false,technicalpickles,false,77,2,18,0,59
1016,closed,michaelansel,false,michaelansel,false,0,0,null,null,null
1017,closed,kristenmills,false,michaelansel,false,3,0,null,null,null
1019,closed,bhuga,false,technicalpickles,false,19,53,21,0,1
1020,closed,bhuga,false,michaelansel,false,9,0,null,null,null
1021,closed,bhuga,false,bhuga,false,98,6,40,56,0
1025,closed,sharabash,false,null,false,731,0,null,null,null
1028,closed,michaelansel,false,michaelansel,false,0,2,0,0,0
1029,closed,michaelansel,false,null,false,159,0,null,null,null
103,closed,djl,false,atmos,false,0,2,0,0,0
1030,closed,michaelansel,false,michaelansel,false,0,0,null,null,null
1031,closed,michaelansel,false,null,false,728,0,null,null,null
1032,closed,michaelansel,false,technicalpickles,false,9,0,null,null,null
1033,closed,bkeepers,true,technicalpickles,false,2,0,null,null,null
1035,closed,technicalpickles,true,technicalpickles,false,0,0,null,null,null
1037,closed,michaelansel,false,michaelansel,false,0,0,null,null,null
1038,closed,bhuga,false,bhuga,false,0,0,null,null,null
1039,closed,danielcompton,false,technicalpickles,false,0,0,null,null,null
104,closed,victorcoder,false,atmos,false,0,0,null,null,null
1041,closed,davidkassa,false,technicalpickles,false,40,0,null,null,null
1042,closed,xuoe,false,technicalpickles,false,0,0,null,null,null
1043,closed,zitterbewegung,false,null,false,0,0,null,null,null
1048,closed,bhuga,false,null,false,70,0,null,null,null
1049,closed,doque,false,michaelansel,false,0,0,null,null,null
1050,closed,scboucher,false,null,false,27,0,null,null,null
1052,closed,technicalpickles,true,technicalpickles,false,126,0,null,null,null
1054,closed,gregkare,false,null,false,119,0,null,null,null
1056,closed,brodul,false,null,false,773,0,null,null,null
106,closed,cldwalker,false,null,false,0,1,0,0,0
1065,closed,bhuga,false,null,false,99,0,null,null,null
1066,closed,CrazyPython,false,null,false,0,0,null,null,null
1068,closed,scboucher,false,michaelansel,false,9,1,0,0,9
1069,closed,technicalpickles,true,bhuga,false,22,0,null,null,null
1073,closed,Floby,false,null,false,0,0,null,null,null
1074,closed,msabramo,false,michaelansel,false,0,1,0,0,0
1077,closed,scboucher,false,michaelansel,false,10,0,null,null,null
1081,closed,bhuga,false,technicalpickles,false,69,0,null,null,null
1083,closed,bhuga,false,bhuga,false,0,0,null,null,null
1090,closed,heitorlessa,false,null,false,60,0,null,null,null
1091,closed,jtc9921,false,null,false,44,0,null,null,null
1092,closed,jbick,false,technicalpickles,false,44,0,null,null,null
1094,closed,mdelagrange,false,technicalpickles,false,35,0,null,null,null
1095,closed,kauffecup,false,technicalpickles,false,40,0,null,null,null
1097,closed,ellisv,false,technicalpickles,false,27,0,null,null,null
1099,closed,philnash,false,technicalpickles,false,22,0,null,null,null
110,closed,mexitek,false,atmos,false,1,9,1,0,0
1101,closed,cycomachead,false,technicalpickles,false,21,0,null,null,null
1103,closed,aqnouch,false,technicalpickles,false,7,0,null,null,null
1104,closed,pchaigno,false,null,false,7,0,null,null,null
1106,closed,gotchahn,false,bkeepers,false,504,4,14,0,489
1109,closed,technicalpickles,true,technicalpickles,false,11,1,0,55,44
111,closed,OiNutter,false,atmos,false,0,0,null,null,null
1110,closed,technicalpickles,true,null,false,581,2,0,55,525
1111,closed,technicalpickles,true,technicalpickles,false,11,0,null,null,null
1114,closed,technicalpickles,true,technicalpickles,false,0,0,null,null,null
1115,closed,pchaigno,false,null,false,590,0,null,null,null
1116,closed,jackmawer,false,technicalpickles,false,7,0,null,null,null
1119,closed,sgerrand,false,technicalpickles,false,1,0,null,null,null
1120,closed,technicalpickles,true,technicalpickles,false,0,0,null,null,null
1121,closed,technicalpickles,true,technicalpickles,false,0,0,null,null,null
1122,closed,shaunkawano,false,technicalpickles,false,0,0,null,null,null
1123,closed,xt0rted,false,technicalpickles,false,32,0,null,null,null
1127,closed,jtc9921,false,null,false,0,0,null,null,null
1128,closed,kossnocorp,false,null,false,555,0,null,null,null
113,closed,unixcharles,false,atmos,false,0,0,null,null,null
1130,closed,pra85,false,technicalpickles,false,21,0,null,null,null
1133,closed,technicalpickles,true,technicalpickles,false,8,0,null,null,null
1134,closed,ajacksified,false,null,false,540,0,null,null,null
1135,closed,MonicaG,false,technicalpickles,false,2,0,null,null,null
1136,closed,MattHodge,false,null,false,546,2,0,0,546
1142,closed,tuliomonteazul,false,null,false,433,1,0,413,19
1147,closed,KasperDeng,false,technicalpickles,false,49,0,null,null,null
1148,closed,akameco,false,technicalpickles,false,49,0,null,null,null
1149,closed,loafoe,false,technicalpickles,false,1,0,null,null,null
1150,closed,gasolin,false,bkeepers,false,406,0,null,null,null
1151,closed,pchaigno,false,bkeepers,false,406,5,0,0,404
1154,closed,twellspring,false,null,false,531,1,0,434,97
1155,closed,chittunoo,false,null,false,426,2,2,423,0
1161,closed,twellspring,false,bkeepers,false,397,2,119,0,278
1162,closed,gasolin,false,null,false,420,0,null,null,null
1164,closed,vinhlh,false,null,false,420,3,0,0,420
1166,closed,MrSaints,false,technicalpickles,false,24,0,null,null,null
117,closed,jasford,false,atmos,false,0,0,null,null,null
1171,closed,waydelyle,false,null,false,21,0,null,null,null
1174,closed,tanem,false,null,false,560,0,null,null,null
118,closed,sgriegoliet,false,null,false,0,0,null,null,null
1185,closed,technicalpickles,true,technicalpickles,false,0,0,null,null,null
1188,closed,miketwo,false,null,false,99,0,null,null,null
1189,closed,ouadie-lahdioui,false,bhuga,false,0,0,null,null,null
1196,closed,MonicaG,false,null,false,337,0,null,null,null
1197,closed,axeltalmet,false,null,false,0,0,null,null,null
12,closed,tmm1,false,atmos,false,21,0,null,null,null
120,closed,sujal,false,null,false,12,0,null,null,null
1200,closed,ivadim,false,null,false,333,0,null,null,null
1202,closed,scboucher,false,null,false,146,0,null,null,null
1203,closed,mttrs,false,null,false,324,0,null,null,null
1206,closed,NiklasMerz,false,null,false,0,0,null,null,null
1209,closed,denisvm,false,bkeepers,false,327,0,null,null,null
121,closed,matjaz,false,null,false,13,0,null,null,null
1214,closed,tas50,false,bkeepers,false,289,0,null,null,null
1215,closed,ouadie-lahdioui,false,null,false,297,0,null,null,null
1221,closed,alekzonder,false,null,false,473,0,null,null,null
1222,closed,jlobos,false,null,false,280,0,null,null,null
1225,closed,devashishmamgain,false,null,false,266,0,null,null,null
1228,closed,jonfreedman,false,null,false,272,0,null,null,null
123,closed,unixcharles,false,null,false,1,3,0,0,0
1239,closed,timkinnane,false,null,false,243,0,null,null,null
124,closed,russelldavis,false,tombell,true,13,2,6,0,6
1240,closed,notpeter,false,bkeepers,false,219,0,null,null,null
1255,closed,ksatirli,false,bkeepers,false,184,2,0,3,181
1256,closed,khutchi,false,null,false,182,0,null,null,null
126,closed,tombell,false,tombell,true,4,0,null,null,null
1263,closed,MichaNice,false,null,false,2,0,null,null,null
1264,closed,MichaNice,false,null,false,2,0,null,null,null
1265,closed,MichaNice,false,null,false,2,0,null,null,null
1266,closed,MichaNice,false,null,false,2,0,null,null,null
1267,closed,MichaNice,false,null,false,2,0,null,null,null
1268,closed,vieuxcolon,false,null,false,0,0,null,null,null
127,closed,arttu,false,atmos,false,0,0,null,null,null
1272,closed,Hbrinj,false,bkeepers,false,147,0,null,null,null
1273,closed,WaleedAshraf,false,null,false,5,0,null,null,null
1274,closed,sqweelygig,false,null,false,0,0,null,null,null
1275,closed,sqweelygig,false,null,false,0,0,null,null,null
1276,closed,WaleedAshraf,false,null,false,1,0,null,null,null
128,closed,seancribbs,false,atmos,false,0,0,null,null,null
1286,closed,mose,false,bkeepers,false,111,0,null,null,null
1289,closed,makii42,false,bkeepers,false,116,0,null,null,null
129,closed,Mange,false,atmos,false,0,0,null,null,null
1290,closed,maxkoryukov,false,bkeepers,false,100,0,null,null,null
13,closed,atmos,false,atmos,false,0,2,0,0,0
1303,closed,sirtow,false,null,false,40,0,null,null,null
1309,closed,benbalter,true,benbalter,true,4,0,null,null,null
1312,closed,bkeepers,true,bkeepers,false,0,0,null,null,null
1317,closed,Sirius-A,false,bkeepers,false,0,0,null,null,null
1319,closed,ParthKolekar,false,null,false,0,0,null,null,null
1320,closed,bkeepers,true,bkeepers,false,0,0,null,null,null
1321,closed,bkeepers,true,bkeepers,false,0,0,null,null,null
1323,closed,bkeepers,true,bkeepers,false,0,1,0,0,0
1325,closed,mose,false,null,false,0,0,null,null,null
1326,closed,bkeepers,true,mose,false,1,4,0,0,0
1328,closed,technicalpickles,true,mose,false,0,0,null,null,null
1329,closed,jbosse,false,mose,false,0,0,null,null,null
133,closed,tombell,false,null,false,0,0,null,null,null
1332,closed,mose,false,mose,false,2,8,1,0,0
1334,closed,LindseyB,true,bkeepers,false,0,0,null,null,null
1335,closed,bkeepers,true,bkeepers,false,10,0,null,null,null
1336,closed,bkeepers,true,bkeepers,false,0,0,null,null,null
1337,closed,bkeepers,true,bkeepers,false,0,0,null,null,null
1339,closed,timkinnane,false,null,false,53,6,20,0,31
134,closed,mbmccormick,false,atmos,false,0,0,null,null,null
1340,closed,bkeepers,true,bkeepers,false,0,3,1,1,2
1342,closed,rqc,false,null,false,139,0,null,null,null
1343,closed,bkeepers,true,bkeepers,false,0,3,0,0,0
1344,closed,bkeepers,true,bkeepers,false,3,0,null,null,null
1345,closed,gr2m,false,gr2m,false,1,1,0,0,1
1347,closed,gr2m,false,gr2m,false,6,5,1,5,0
1348,closed,gr2m,false,gr2m,false,0,0,null,null,null
1349,closed,gr2m,false,gr2m,false,1,1,0,3,2
135,closed,tombell,false,null,false,3,0,null,null,null
1350,closed,espy,false,gr2m,false,0,1,0,0,0
1352,closed,gr2m,false,gr2m,false,0,2,0,0,0
1353,closed,technicalpickles,true,technicalpickles,false,6,0,null,null,null
1357,closed,gr2m,false,gr2m,false,1,0,null,null,null
1358,closed,gr2m,false,gr2m,false,1,2,0,1,0
1359,closed,gr2m,false,gr2m,false,2,2,0,2,0
136,closed,unixcharles,false,atmos,false,0,0,null,null,null
1360,closed,gr2m,false,gr2m,false,0,0,null,null,null
1361,closed,gr2m,false,gr2m,false,1,0,null,null,null
1364,closed,gr2m,false,gr2m,false,0,0,null,null,null
1366,closed,technicalpickles,true,null,false,98,7,0,0,97
1367,closed,soccerJoshNumberNine,false,null,false,97,1,0,0,97
1370,closed,timkinnane,false,null,false,97,0,null,null,null
1371,open,timkinnane,false,null,false,null,0,null,null,null
1372,closed,lornajane,false,mose,false,16,0,null,null,null
1378,closed,timkinnane,false,null,false,97,0,null,null,null
138,closed,sishen,false,tombell,true,0,0,null,null,null
1381,closed,coryallegory,false,mose,false,0,0,null,null,null
1390,closed,slawekzachcial,false,mose,false,6,0,null,null,null
1391,closed,rodrigoaguilera,false,mose,false,0,0,null,null,null
1395,closed,Eliada,false,mose,false,4,0,null,null,null
1396,closed,jaythomas,false,mose,false,0,0,null,null,null
140,closed,BrokenEnso,false,tombell,true,0,0,null,null,null
1405,open,pearswj,false,null,false,null,0,null,null,null
141,closed,cadwallion,true,tombell,true,0,0,null,null,null
1415,closed,whitebox-it,false,null,false,14,0,null,null,null
1416,open,mistydemeo,true,null,false,null,0,null,null,null
1418,closed,Topsmalllaxso,false,null,false,0,0,null,null,null
142,closed,erikzaadi,false,tombell,true,0,0,null,null,null
1425,open,elblivion,false,null,false,null,0,null,null,null
1426,closed,MikeMcQuaid,true,bkeepers,false,0,0,null,null,null
1427,open,casz,false,null,false,null,0,null,null,null
143,closed,lautis,false,tombell,true,0,0,null,null,null
1437,open,cro,false,null,false,null,0,null,null,null
144,closed,tombell,false,atmos,false,3,0,null,null,null
1443,open,lukehsiao,false,null,false,null,0,null,null,null
1444,open,brntbeer,true,null,false,null,0,null,null,null
145,closed,Vrtak-CZ,false,tombell,true,0,0,null,null,null
146,closed,Vrtak-CZ,false,tombell,true,0,0,null,null,null
147,closed,Vrtak-CZ,false,null,false,0,0,null,null,null
148,closed,Vrtak-CZ,false,tombell,true,7,3,2,0,4
150,closed,mexitek,false,tombell,true,0,0,null,null,null
152,closed,pescuma,false,tombell,true,0,0,null,null,null
154,closed,pescuma,false,tombell,true,0,0,null,null,null
158,closed,markstory,false,tombell,true,0,0,null,null,null
162,closed,andresilva,false,tombell,true,4,3,0,0,4
164,closed,agrieser,false,tombell,true,0,0,null,null,null
165,closed,arttu,false,tombell,true,0,0,null,null,null
167,closed,mrtazz,false,tombell,true,0,0,null,null,null
168,closed,pescuma,false,atmos,false,0,0,null,null,null
170,closed,tacoe,false,tombell,true,0,0,null,null,null
172,closed,arttu,false,null,false,3,0,null,null,null
173,closed,cldwalker,false,tombell,true,1,0,null,null,null
174,closed,tombell,false,atmos,false,4,0,null,null,null
175,closed,madzak,false,tombell,true,0,0,null,null,null
176,closed,malditogeek,false,tombell,true,0,0,null,null,null
177,closed,berg,false,tombell,true,0,0,null,null,null
178,closed,russelldavis,false,tombell,true,0,0,null,null,null
179,closed,pescuma,false,atmos,false,0,0,null,null,null
182,closed,ivey,false,atmos,false,0,0,null,null,null
183,closed,occ,false,atmos,false,0,0,null,null,null
184,closed,igorgue,false,atmos,false,0,0,null,null,null
188,closed,tombell,false,atmos,false,0,0,null,null,null
19,closed,titanous,false,atmos,false,0,0,null,null,null
190,closed,iangreenleaf,false,atmos,false,0,0,null,null,null
191,closed,ejfinneran,false,atmos,false,0,0,null,null,null
192,closed,tombell,false,tombell,true,0,0,null,null,null
193,closed,bleonard,false,null,false,0,0,null,null,null
194,closed,dtorres,false,null,false,0,0,null,null,null
195,closed,alexwhitman,false,tombell,true,0,0,null,null,null
196,closed,dtorres,false,null,false,0,0,null,null,null
198,closed,trumbitta,false,tombell,true,0,0,null,null,null
199,closed,DavidWittman,false,atmos,false,0,0,null,null,null
202,closed,mrtazz,false,null,false,0,0,null,null,null
204,closed,horaceko,false,atmos,false,0,0,null,null,null
206,closed,markstory,false,atmos,false,0,0,null,null,null
208,closed,ejfinneran,false,tombell,true,0,0,null,null,null
209,closed,iangreenleaf,false,null,false,0,0,null,null,null
21,closed,skalnik,true,atmos,false,0,0,null,null,null
210,closed,sapegin,false,atmos,false,0,0,null,null,null
211,closed,smgt,false,tombell,true,0,0,null,null,null
217,closed,schisamo,false,atmos,false,0,0,null,null,null
218,closed,atmos,false,atmos,false,0,0,null,null,null
219,closed,atmos,false,tombell,true,18,0,null,null,null
22,closed,bleything,false,null,false,0,0,null,null,null
220,closed,sbryant,true,tombell,true,41,0,null,null,null
221,closed,iangreenleaf,false,null,false,142,0,null,null,null
224,closed,kevinsawicki,true,atmos,false,0,0,null,null,null
228,closed,titanous,false,tombell,true,0,0,null,null,null
229,closed,ejfinneran,false,tombell,true,0,0,null,null,null
237,closed,tombell,false,tombell,true,3,0,null,null,null
241,closed,jonklo,false,tombell,true,0,0,null,null,null
242,closed,thomaschaaf,false,tombell,true,0,0,null,null,null
243,closed,sbryant,true,atmos,false,0,0,null,null,null
247,closed,franc,false,atmos,false,0,0,null,null,null
25,closed,titanous,false,atmos,false,0,0,null,null,null
253,closed,kylev,false,atmos,false,0,0,null,null,null
254,closed,qix,false,null,false,0,0,null,null,null
257,closed,christierney,false,tombell,true,1,0,null,null,null
26,closed,dannytatom,false,technoweenie,false,0,0,null,null,null
261,closed,jonmagic,true,tombell,true,0,0,null,null,null
264,closed,tombell,false,null,false,2,0,null,null,null
265,closed,tombell,false,null,false,38,0,null,null,null
270,closed,tombell,false,tombell,true,2,3,0,0,2
271,closed,jimeh,false,null,false,0,0,null,null,null
272,closed,jimeh,false,tombell,true,0,0,null,null,null
273,closed,jimeh,false,tombell,true,0,0,null,null,null
274,closed,jimeh,false,tombell,true,0,0,null,null,null
276,closed,iangreenleaf,false,tombell,true,0,0,null,null,null
278,closed,jimeh,false,tombell,true,0,0,null,null,null
282,closed,elliotttf,false,tombell,true,0,0,null,null,null
283,closed,elliotttf,false,tombell,true,0,0,null,null,null
285,closed,technicalpickles,true,tombell,true,0,0,null,null,null
29,closed,tombell,false,atmos,false,0,0,null,null,null
290,closed,technicalpickles,true,atmos,false,7,0,null,null,null
291,closed,technicalpickles,true,atmos,false,0,0,null,null,null
294,closed,tombell,false,tombell,true,0,0,null,null,null
296,closed,tombell,false,tombell,true,0,0,null,null,null
297,closed,tombell,false,null,false,18,0,null,null,null
298,closed,technicalpickles,true,tombell,true,0,0,null,null,null
299,closed,technicalpickles,true,tombell,true,0,0,null,null,null
30,closed,technoweenie,false,technoweenie,false,0,0,null,null,null
301,closed,stevenh512,false,null,false,0,0,null,null,null
302,closed,travisjeffery,false,atmos,false,1,3,0,0,0
304,closed,travisjeffery,false,atmos,false,0,0,null,null,null
309,closed,elliotttf,false,tombell,true,0,0,null,null,null
31,closed,peterwooley,false,null,false,0,0,null,null,null
310,closed,ejfinneran,false,tombell,true,6,0,null,null,null
313,closed,tombell,false,tombell,true,7,0,null,null,null
317,closed,ferlores,false,tombell,true,0,0,null,null,null
32,closed,aitor,false,atmos,false,0,0,null,null,null
322,closed,ferlores,false,tombell,true,0,0,null,null,null
325,closed,p0123n,false,null,false,5,0,null,null,null
327,closed,futuraprime,false,tombell,true,0,0,null,null,null
328,closed,sopel,false,tombell,true,0,0,null,null,null
33,closed,siong1987,false,null,false,0,0,null,null,null
330,closed,ferlores,false,tombell,true,0,0,null,null,null
334,closed,keithduncan,true,tombell,true,146,0,null,null,null
335,closed,Seldaek,false,technicalpickles,false,21,0,null,null,null
336,closed,elmoeleven,false,atmos,false,2,0,null,null,null
338,closed,Iristyle,false,null,false,0,0,null,null,null
339,closed,Iristyle,false,null,false,140,0,null,null,null
34,closed,assaf,false,atmos,false,0,0,null,null,null
341,closed,marsam,false,technicalpickles,false,15,0,null,null,null
344,closed,OleMchls,false,tombell,true,172,4,2,168,1
345,closed,OleMchls,false,null,false,7,0,null,null,null
349,closed,wingrunr21,false,null,false,178,0,null,null,null
35,closed,jnewland,true,atmos,false,0,0,null,null,null
355,closed,cjbottaro,false,tombell,true,92,0,null,null,null
359,closed,tubbo,false,null,false,0,0,null,null,null
36,closed,andyfowler,false,atmos,false,0,0,null,null,null
361,closed,voidlily,false,technicalpickles,false,2,0,null,null,null
364,closed,ecarter,false,null,false,66,0,null,null,null
37,closed,assaf,false,atmos,false,0,0,null,null,null
370,closed,danehammer,false,tombell,true,41,0,null,null,null
375,closed,kavu,false,null,false,26,0,null,null,null
376,closed,kavu,false,atmos,false,25,0,null,null,null
377,closed,dpilone,false,null,false,0,0,null,null,null
378,closed,yanisliu,false,null,false,0,0,null,null,null
38,closed,bencochran,false,null,false,0,0,null,null,null
380,closed,strugee,false,aspires,false,0,0,null,null,null
381,closed,numbcoder,false,atmos,false,11,0,null,null,null
383,closed,aroben,false,atmos,false,0,0,null,null,null
384,closed,tombell,false,null,false,0,3,0,0,0
385,closed,tombell,false,atmos,false,0,0,null,null,null
386,closed,tombell,false,null,false,0,0,null,null,null
387,closed,tombell,false,atmos,false,0,0,null,null,null
388,closed,tombell,false,atmos,false,0,0,null,null,null
39,closed,assaf,false,atmos,false,0,2,0,0,0
390,closed,x1a0,false,tombell,true,0,0,null,null,null
393,closed,x1a0,false,tombell,true,0,2,0,0,0
394,closed,omega,false,tombell,true,0,0,null,null,null
40,closed,jnewland,true,atmos,false,0,0,null,null,null
402,closed,tombell,false,tombell,true,0,0,null,null,null
403,closed,haf,false,atmos,false,0,0,null,null,null
404,closed,robertfwest,false,null,false,1,0,null,null,null
406,closed,ctborg,false,atmos,false,0,0,null,null,null
408,closed,pgib,false,tombell,true,0,0,null,null,null
41,closed,assaf,false,tmm1,false,0,0,null,null,null
411,closed,joonas,false,null,false,0,0,null,null,null
412,closed,lnyarl,false,null,false,0,0,null,null,null
414,closed,OleMchls,false,tombell,true,0,0,null,null,null
419,closed,justincampbell,false,atmos,false,0,0,null,null,null
421,closed,omares,false,tombell,true,0,0,null,null,null
422,closed,philippbeckmann,false,atmos,false,0,0,null,null,null
423,closed,cupakromer,false,null,false,0,0,null,null,null
424,closed,cupakromer,false,tombell,true,9,7,8,1,0
426,closed,stevenklise,false,atmos,false,0,0,null,null,null
429,closed,technicalpickles,true,technicalpickles,false,131,25,1,130,0
43,closed,winterchord,false,null,false,0,0,null,null,null
432,closed,technicalpickles,true,atmos,false,0,0,null,null,null
434,closed,tombell,false,null,false,0,0,null,null,null
435,closed,francois2metz,false,tombell,true,0,0,null,null,null
436,closed,tombell,false,tombell,true,0,0,null,null,null
438,closed,phindmarsh,false,null,false,0,0,null,null,null
445,closed,kashyapp,false,tombell,true,0,0,null,null,null
446,closed,creatorrr,false,atmos,false,0,8,0,1,1
447,closed,creatorrr,false,tombell,true,1,4,0,0,0
448,closed,matjaz,false,null,false,0,0,null,null,null
449,closed,kashyapp,false,tombell,true,0,0,null,null,null
45,closed,dmathieu,false,tmm1,false,0,0,null,null,null
450,closed,busbyjon,false,atmos,false,0,0,null,null,null
451,closed,creatorrr,false,atmos,false,0,0,null,null,null
452,closed,creatorrr,false,atmos,false,0,0,null,null,null
454,closed,kyleslattery,false,tombell,true,0,0,null,null,null
455,closed,creatorrr,false,tombell,true,0,0,null,null,null
456,closed,bhardin,false,null,false,0,0,null,null,null
457,closed,creatorrr,false,atmos,false,0,0,null,null,null
458,closed,ZachBeta,false,technicalpickles,false,0,0,null,null,null
459,closed,ZachBeta,false,atmos,false,0,0,null,null,null
46,closed,codafoo,false,tmm1,false,0,2,0,0,0
460,closed,bhardin,false,tombell,true,0,0,null,null,null
462,closed,pcarrier,false,tombell,true,0,0,null,null,null
465,closed,ahawkins,false,null,false,0,0,null,null,null
466,closed,apolishch,false,atmos,false,1,0,null,null,null
467,closed,ronaldb,false,null,false,1,2,0,0,1
469,closed,tombell,false,null,false,53,0,null,null,null
471,closed,l337ch,false,null,false,1,0,null,null,null
472,closed,JetFault,false,atmos,false,0,0,null,null,null
475,closed,tombell,false,tombell,true,0,0,null,null,null
479,closed,rafaelfranca,false,atmos,false,0,0,null,null,null
481,closed,rafaelfranca,false,tombell,true,0,0,null,null,null
482,closed,kch,false,tombell,true,0,0,null,null,null
483,closed,dianakhuang,false,tombell,true,0,0,null,null,null
489,closed,shiwano,false,tombell,true,3,0,null,null,null
49,closed,dmathieu,false,tmm1,false,0,0,null,null,null
490,closed,aroben,false,tombell,true,0,0,null,null,null
491,closed,brntbeer,true,tombell,true,0,4,0,0,0
492,closed,kashyapp,false,null,false,0,0,null,null,null
496,closed,ronaldevers,false,tombell,true,1,0,null,null,null
497,closed,aaronj1335,false,tombell,true,0,0,null,null,null
5,closed,kneath,false,atmos,false,0,0,null,null,null
50,closed,tombell,false,atmos,false,0,2,0,0,0
500,closed,maxgoedjen,false,tombell,true,0,0,null,null,null
503,closed,aroben,false,tombell,true,0,0,null,null,null
504,closed,ejfinneran,false,null,false,1,0,null,null,null
505,closed,jacksonhull,false,tombell,true,0,0,null,null,null
506,closed,mizzy,false,null,false,0,0,null,null,null
508,closed,tfausak,false,tombell,true,0,0,null,null,null
509,closed,mizzy,false,tombell,true,0,0,null,null,null
512,closed,brentc,false,tombell,true,0,2,0,0,0
515,closed,bhuga,false,tombell,true,0,0,null,null,null
52,closed,tuxcanfly,false,null,false,0,0,null,null,null
520,closed,timclipsham,false,tombell,true,0,0,null,null,null
521,closed,timclipsham,false,null,false,21,0,null,null,null
524,closed,rileytg,false,tombell,true,0,0,null,null,null
529,closed,unrar,false,null,false,0,0,null,null,null
532,closed,technicalpickles,true,technicalpickles,false,0,0,null,null,null
533,closed,technicalpickles,true,technicalpickles,false,0,0,null,null,null
535,closed,tombell,false,technicalpickles,false,0,0,null,null,null
536,closed,bartolsthoorn,false,technicalpickles,false,0,0,null,null,null
538,closed,tombell,false,technicalpickles,false,0,0,null,null,null
539,closed,technicalpickles,true,technicalpickles,false,0,0,null,null,null
54,closed,markpasc,false,paulcbetts,false,0,0,null,null,null
540,closed,bartolsthoorn,false,technicalpickles,false,0,0,null,null,null
541,closed,dmathieu,false,null,false,0,0,null,null,null
543,closed,balbeko,false,technicalpickles,false,0,0,null,null,null
544,closed,tombell,false,null,false,2,0,null,null,null
545,closed,needcaffeine,false,atmos,false,0,0,null,null,null
546,closed,halkeye,false,tombell,true,15,0,null,null,null
547,closed,knomedia,false,technicalpickles,false,0,0,null,null,null
548,closed,preflightsiren,false,tombell,true,21,0,null,null,null
549,closed,johnhammerlund,false,null,false,33,0,null,null,null
55,closed,codec,false,atmos,false,0,0,null,null,null
553,closed,tombell,false,technicalpickles,false,1,0,null,null,null
554,closed,tombell,false,technicalpickles,false,1,0,null,null,null
555,closed,felixdv,false,technicalpickles,false,3,0,null,null,null
557,closed,tombell,false,tombell,true,2,0,null,null,null
558,closed,nwest,false,technicalpickles,false,0,0,null,null,null
559,closed,tombell,false,tombell,true,0,0,null,null,null
56,closed,assaf,false,atmos,false,0,4,1,0,1
560,closed,nwest,false,tombell,true,1,0,null,null,null
561,closed,felixdv,false,null,false,2,0,null,null,null
562,closed,tombell,false,tombell,true,2,0,null,null,null
563,closed,tombell,false,tombell,true,0,0,null,null,null
565,closed,balbeko,false,null,false,14,7,1,1,11
566,closed,jhubert,false,tombell,true,0,2,0,0,0
569,closed,jhubert,false,tombell,true,0,0,null,null,null
57,closed,markstory,false,atmos,false,0,0,null,null,null
570,closed,tombell,false,tombell,true,0,0,null,null,null
572,closed,pseudomuto,false,technicalpickles,false,0,0,null,null,null
574,closed,balbeko,false,null,false,0,1,0,0,0
575,closed,balbeko,false,tombell,true,0,13,0,0,0
576,closed,commadelimited,false,technicalpickles,false,0,0,null,null,null
577,closed,koorgoo,false,null,false,0,0,null,null,null
578,closed,thiagopnts,false,tombell,true,0,0,null,null,null
579,closed,balbeko,false,tombell,true,0,0,null,null,null
58,closed,tombell,false,null,false,0,0,null,null,null
582,closed,vanetix,false,tombell,true,0,0,null,null,null
583,closed,spajus,false,tombell,true,0,0,null,null,null
585,closed,simonsj,true,tombell,true,0,0,null,null,null
59,closed,carsonmcdonald,false,null,false,0,0,null,null,null
590,closed,pawelrychlik,false,technicalpickles,false,0,0,null,null,null
592,closed,mgriffin,true,technicalpickles,false,0,0,null,null,null
599,closed,cannikin,false,technicalpickles,false,75,0,null,null,null
6,closed,benburkert,false,atmos,false,42,0,null,null,null
60,closed,eventualbuddha,false,atmos,false,0,0,null,null,null
600,closed,wingrunr21,false,technicalpickles,false,7,0,null,null,null
601,closed,technicalpickles,true,technicalpickles,false,4,0,null,null,null
604,closed,tubaman,false,null,false,7,0,null,null,null
606,closed,patcon,false,null,false,290,0,null,null,null
609,closed,smerrill,false,technicalpickles,false,26,0,null,null,null
61,closed,steveklabnik,false,null,false,0,0,null,null,null
612,closed,rgbkrk,false,null,false,386,0,null,null,null
614,closed,amaltson,false,null,false,328,1,0,9,318
615,closed,amaltson,false,null,false,23,0,null,null,null
617,closed,aendrew,false,technicalpickles,false,0,0,null,null,null
618,closed,akiomik,false,technicalpickles,false,0,0,null,null,null
620,closed,davereid,false,technicalpickles,false,0,0,null,null,null
624,closed,technicalpickles,true,technicalpickles,false,0,0,null,null,null
625,closed,technicalpickles,true,technicalpickles,false,0,0,null,null,null
626,closed,joshuarubin,false,null,false,1235,0,null,null,null
627,closed,technicalpickles,true,technicalpickles,false,0,0,null,null,null
628,closed,joshuarubin,false,technicalpickles,false,9,0,null,null,null
629,closed,xhan,false,technicalpickles,false,0,0,null,null,null
631,closed,vinbarnes,false,technicalpickles,false,0,0,null,null,null
632,closed,spajus,false,technicalpickles,false,0,0,null,null,null
633,closed,spajus,false,technicalpickles,false,1,0,null,null,null
634,closed,tricknotes,false,technicalpickles,false,0,0,null,null,null
635,closed,tricknotes,false,technicalpickles,false,1,0,null,null,null
636,closed,searls,false,technicalpickles,false,0,0,null,null,null
637,closed,tricknotes,false,technicalpickles,false,3,0,null,null,null
639,closed,alindeman,false,null,false,132,2,0,0,132
64,closed,jszwedko,false,atmos,false,0,0,null,null,null
640,closed,tricknotes,false,technicalpickles,false,3,0,null,null,null
641,closed,khellang,false,technicalpickles,false,0,0,null,null,null
642,closed,thogg4,false,technicalpickles,false,1,0,null,null,null
646,closed,jspiewak,false,null,false,263,4,27,0,236
649,closed,balbeko,false,null,false,2,0,null,null,null
650,closed,jasonmay,false,null,false,1200,0,null,null,null
654,closed,adamvduke,false,technicalpickles,false,0,2,0,0,0
655,closed,jjasghar,false,null,false,539,2,0,253,286
656,closed,patcon,false,null,false,178,0,null,null,null
660,closed,ymendel,false,technicalpickles,false,230,1,0,10,220
661,closed,lusis,false,technicalpickles,false,6,0,null,null,null
663,closed,atmos,false,atmos,false,0,0,null,null,null
665,closed,patcon,false,null,false,232,0,null,null,null
667,closed,jbr,false,technicalpickles,false,30,0,null,null,null
67,closed,janx,false,null,false,0,0,null,null,null
670,closed,cozmo,false,null,false,1255,4,155,27,1072
671,closed,Restuta,false,technicalpickles,false,4,0,null,null,null
672,closed,spajus,false,null,false,2,0,null,null,null
674,closed,miyagawa,false,null,false,7,0,null,null,null
676,closed,aaronstaves,false,null,false,321,0,null,null,null
677,closed,miyagawa,false,technicalpickles,false,0,0,null,null,null
678,closed,ajkerr,false,mose,false,1144,3,0,0,1143
684,closed,etoxin,false,null,false,1130,1,0,6,1124
685,closed,hbakhtiyor,false,null,false,310,0,null,null,null
686,closed,dancrumb,false,null,false,1128,4,0,14,1114
687,closed,dancrumb,false,null,false,0,0,null,null,null
688,closed,aripollak,false,null,false,1,0,null,null,null
689,closed,technicalpickles,true,technicalpickles,false,0,0,null,null,null
69,closed,markpasc,false,null,false,1,0,null,null,null
690,closed,william-p,false,null,false,1208,0,null,null,null
693,closed,therealklanni,false,null,false,19,0,null,null,null
695,closed,dblandin,false,technicalpickles,false,11,0,null,null,null
696,closed,canadianveggie,false,technicalpickles,false,10,0,null,null,null
697,closed,thiagogabriel,false,technicalpickles,false,8,0,null,null,null
698,closed,milyh,false,null,false,1102,0,null,null,null
699,closed,technicalpickles,true,technicalpickles,false,0,0,null,null,null
70,closed,vinteo,false,tmm1,false,0,0,null,null,null
700,closed,technicalpickles,true,null,false,1103,0,null,null,null
701,closed,technicalpickles,true,technicalpickles,false,0,0,null,null,null
702,closed,technicalpickles,true,technicalpickles,false,0,0,null,null,null
703,closed,tricknotes,false,technicalpickles,false,2,0,null,null,null
708,closed,softarn,false,technicalpickles,false,7,5,0,0,6
709,closed,atmos,false,null,false,8,3,0,7,0
710,closed,patcon,false,null,false,593,0,null,null,null
712,closed,ngs,false,technicalpickles,false,1,0,null,null,null
714,closed,atmos,false,null,false,0,3,0,0,0
715,closed,srobroek,false,null,false,1247,5,1,258,987
717,closed,therealklanni,false,null,false,86,0,null,null,null
720,closed,parkr,true,technicalpickles,false,34,6,0,4,30
722,closed,alan-andrade,false,null,false,393,0,null,null,null
723,closed,y13i,false,null,false,0,0,null,null,null
724,closed,michaelansel,false,null,false,119,4,0,61,58
726,closed,enykeev,false,null,false,1057,0,null,null,null
730,closed,keithduncan,true,null,false,147,0,null,null,null
732,closed,technicalpickles,true,technicalpickles,false,8,0,null,null,null
736,closed,technicalpickles,true,technicalpickles,false,0,0,null,null,null
737,closed,rsanheim,false,rsanheim,false,0,0,null,null,null
74,closed,OiNutter,false,atmos,false,0,0,null,null,null
743,closed,huafu,false,technicalpickles,false,6,0,null,null,null
744,closed,tristanguo,false,null,false,1009,5,5,25,978
745,closed,jjasghar,false,technicalpickles,false,0,0,null,null,null
746,closed,technicalpickles,true,technicalpickles,false,0,0,null,null,null
747,closed,technicalpickles,true,technicalpickles,false,0,0,null,null,null
748,closed,technicalpickles,true,technicalpickles,false,33,0,null,null,null
749,closed,technicalpickles,true,technicalpickles,false,0,0,null,null,null
75,closed,tombell,false,technoweenie,false,0,0,null,null,null
750,closed,charlie-hadden,false,technicalpickles,false,0,0,null,null,null
752,closed,conradkdotcom,false,null,false,1072,0,null,null,null
754,closed,tspascoal,false,technicalpickles,false,0,0,null,null,null
755,closed,therealklanni,false,null,false,10,0,null,null,null
756,closed,packetmonkey,false,technicalpickles,false,0,0,null,null,null
76,closed,pescuma,false,null,false,2,0,null,null,null
761,closed,drstevens,false,null,false,0,1,0,0,0
762,closed,bouzuya,false,technicalpickles,false,50,0,null,null,null
764,closed,technicalpickles,true,technicalpickles,false,39,0,null,null,null
769,closed,unok,false,technicalpickles,false,6,0,null,null,null
770,closed,shokai,false,null,false,153,0,null,null,null
772,closed,therealklanni,false,null,false,966,0,null,null,null
773,closed,Mumakil,false,null,false,1067,1,0,36,1031
775,closed,therealklanni,false,null,false,971,0,null,null,null
776,closed,technicalpickles,true,technicalpickles,false,0,0,null,null,null
777,closed,hassaku,false,null,false,0,0,null,null,null
782,closed,Dr--Feelgood,false,null,false,0,0,null,null,null
784,closed,sethjackson,false,technicalpickles,false,0,0,null,null,null
788,closed,kevinsimper,false,technicalpickles,false,125,1,0,1,123
789,closed,edsfocci,false,null,false,7,0,null,null,null
79,closed,markstory,false,atmos,false,2,0,null,null,null
790,closed,edsfocci,false,null,false,4,0,null,null,null
791,closed,aroben,false,technicalpickles,false,0,0,null,null,null
792,closed,technicalpickles,true,null,false,0,0,null,null,null
793,closed,technicalpickles,true,technicalpickles,false,0,0,null,null,null
794,closed,ahayworth,false,technicalpickles,false,12,0,null,null,null
795,closed,rantrix,false,technicalpickles,false,10,0,null,null,null
796,closed,technicalpickles,true,technicalpickles,false,0,0,null,null,null
797,closed,technicalpickles,true,technicalpickles,false,0,0,null,null,null
80,closed,andyfowler,false,atmos,false,0,0,null,null,null
800,closed,technicalpickles,true,technicalpickles,false,43,0,null,null,null
801,closed,michaelansel,false,michaelansel,false,225,11,9,0,215
802,closed,technicalpickles,true,technicalpickles,false,0,0,null,null,null
803,closed,michaelansel,false,michaelansel,false,278,51,275,2,0
805,closed,MrSaints,false,technicalpickles,false,0,0,null,null,null
806,closed,tombell,false,technicalpickles,false,1,0,null,null,null
807,closed,miquelp,false,null,false,0,0,null,null,null
808,closed,technicalpickles,true,technicalpickles,false,0,0,null,null,null
809,closed,technicalpickles,true,technicalpickles,false,0,0,null,null,null
810,closed,technicalpickles,true,technicalpickles,false,0,0,null,null,null
814,closed,technicalpickles,true,technicalpickles,false,6,0,null,null,null
816,closed,benodom,false,technicalpickles,false,0,0,null,null,null
817,closed,TheIronMarx,false,technicalpickles,false,0,0,null,null,null
818,closed,JrGoodle,false,technicalpickles,false,4,0,null,null,null
819,closed,akiomik,false,technicalpickles,false,6,0,null,null,null
82,closed,mislav,true,null,false,0,1,0,0,0
820,closed,stkent,false,technicalpickles,false,0,0,null,null,null
821,closed,cameronmcefee,false,null,false,19,1,0,0,19
824,closed,keithduncan,true,technicalpickles,false,1,0,null,null,null
825,closed,technicalpickles,true,technicalpickles,false,0,0,null,null,null
83,closed,Excedrin,false,atmos,false,0,0,null,null,null
831,closed,kballard,false,technicalpickles,false,6,0,null,null,null
832,closed,brianshumate,false,technicalpickles,false,3,0,null,null,null
835,closed,technicalpickles,true,technicalpickles,false,2,0,null,null,null
836,closed,technicalpickles,true,technicalpickles,false,0,0,null,null,null
837,closed,technicalpickles,true,technicalpickles,false,0,0,null,null,null
839,closed,todd,false,technicalpickles,false,74,3,1,51,21
840,closed,technicalpickles,true,technicalpickles,false,0,0,null,null,null
841,closed,afeld,false,null,false,51,2,0,0,51
842,closed,xrd,false,technicalpickles,false,6,0,null,null,null
848,closed,aroben,false,technicalpickles,false,25,0,null,null,null
849,closed,anroots,false,technicalpickles,false,1,0,null,null,null
85,closed,sishen,false,null,false,0,0,null,null,null
856,closed,technicalpickles,true,technicalpickles,false,0,0,null,null,null
857,closed,ablwr,false,technicalpickles,false,10,1,0,10,0
86,closed,sethtrain,false,null,false,0,0,null,null,null
860,closed,danilovaz,false,null,false,12,1,0,5,6
861,closed,SuriyaaKudoIsc,false,null,false,12,0,null,null,null
863,closed,silasb,false,null,false,11,0,null,null,null
864,closed,michaelansel,false,technicalpickles,false,5,0,null,null,null
865,closed,hhaidar,false,technicalpickles,false,1,0,null,null,null
867,closed,technicalpickles,true,technicalpickles,false,0,0,null,null,null
868,closed,michaelansel,false,null,false,907,2,0,113,793
869,closed,afeld,false,technicalpickles,false,0,0,null,null,null
87,closed,atmos,false,null,false,211,0,null,null,null
870,closed,technicalpickles,true,technicalpickles,false,0,1,0,0,0
871,closed,michaelansel,false,null,false,907,3,106,0,800
876,closed,technicalpickles,true,technicalpickles,false,0,0,null,null,null
877,closed,technicalpickles,true,technicalpickles,false,4,12,3,1,0
879,closed,technicalpickles,true,technicalpickles,false,0,0,null,null,null
881,closed,technicalpickles,true,technicalpickles,false,0,5,0,0,0
882,closed,technicalpickles,true,technicalpickles,false,0,2,0,0,0
883,closed,leefaus,true,technicalpickles,false,5,8,5,0,0
884,closed,michaelansel,false,michaelansel,false,83,0,null,null,null
885,closed,technicalpickles,true,technicalpickles,false,0,0,null,null,null
886,closed,technicalpickles,true,technicalpickles,false,0,0,null,null,null
887,closed,technicalpickles,true,technicalpickles,false,0,0,null,null,null
888,closed,geoffreyanderson,false,technicalpickles,false,20,0,null,null,null
889,closed,mcmahoniel,false,technicalpickles,false,3,0,null,null,null
890,closed,ricardopolo,false,null,false,3,0,null,null,null
893,closed,rwitchell,false,null,false,2,0,null,null,null
897,closed,100ideas,false,null,false,0,0,null,null,null
898,closed,100ideas,false,technicalpickles,false,5,0,null,null,null
899,closed,Taytay,false,technicalpickles,false,16,1,0,16,0
900,closed,Taytay,false,null,false,794,0,null,null,null
903,closed,michaelansel,false,michaelansel,false,74,4,0,0,74
905,closed,technicalpickles,true,technicalpickles,false,0,0,null,null,null
906,closed,technicalpickles,true,technicalpickles,false,0,0,null,null,null
908,closed,keithduncan,true,technicalpickles,false,9,0,null,null,null
909,closed,lekansogunle,false,null,false,0,0,null,null,null
910,closed,lekansogunle,false,null,false,0,0,null,null,null
911,closed,ravikiranj,false,null,false,0,0,null,null,null
914,closed,technicalpickles,true,technicalpickles,false,0,0,null,null,null
915,closed,technicalpickles,true,technicalpickles,false,0,0,null,null,null
917,closed,cycomachead,false,null,false,775,0,null,null,null
918,closed,ChrisLundquist,false,technicalpickles,false,0,0,null,null,null
920,closed,caseymrm,false,null,false,4,0,null,null,null
921,closed,shokai,false,null,false,849,0,null,null,null
922,closed,sdimkov,false,null,false,61,4,0,51,10
924,closed,bhuga,false,null,false,45,6,0,0,45
926,closed,michaelansel,false,technicalpickles,false,4,0,null,null,null
927,closed,sdimkov,false,technicalpickles,false,42,0,null,null,null
929,closed,sdimkov,false,technicalpickles,false,0,0,null,null,null
93,closed,baloo,false,null,false,1,1,0,0,0
930,closed,jtallant,false,null,false,0,0,null,null,null
931,closed,petedmarsh,false,technicalpickles,false,39,0,null,null,null
933,closed,MaitreyaBuddha,false,null,false,0,0,null,null,null
935,closed,jcbantuelle,false,technicalpickles,false,6,0,null,null,null
936,closed,nounoursheureux,false,null,false,43,0,null,null,null
937,closed,chuej,false,null,false,5,0,null,null,null
938,closed,ta1kt0me,false,technicalpickles,false,30,2,0,5,24
94,closed,codec,false,atmos,false,0,0,null,null,null
942,closed,adamgross42,false,technicalpickles,false,9,0,null,null,null
943,closed,adamgross42,false,null,false,0,0,null,null,null
944,closed,adamgross42,false,technicalpickles,false,8,0,null,null,null
945,closed,adamgross42,false,bkeepers,false,17,0,null,null,null
947,closed,pauliwang,false,technicalpickles,false,5,0,null,null,null
949,closed,fcsonline,false,null,false,801,10,5,4,791
951,closed,pdehaan,false,bkeepers,false,8,0,null,null,null
955,closed,praseodym,false,technicalpickles,false,9,4,8,0,0
956,closed,bkeepers,true,bkeepers,false,2,13,2,0,0
958,closed,pdoconnell-zz,false,null,false,0,0,null,null,null
959,closed,bkeepers,true,bkeepers,false,0,0,null,null,null
961,closed,bkeepers,true,bkeepers,false,0,0,null,null,null
962,closed,bkeepers,true,bkeepers,false,0,0,null,null,null
964,closed,technicalpickles,true,technicalpickles,false,0,0,null,null,null
966,closed,gjtorikian,true,technicalpickles,false,0,0,null,null,null
967,closed,sdimkov,false,technicalpickles,false,2,0,null,null,null
969,closed,technicalpickles,true,technicalpickles,false,0,3,0,0,0
970,closed,bkeepers,true,technicalpickles,false,333,1,0,0,333
971,closed,geoffreyanderson,false,michaelansel,false,13,6,12,0,1
973,closed,Sing-Li,false,bhuga,false,0,0,null,null,null
974,closed,bhuga,false,bhuga,false,0,0,null,null,null
975,closed,michaelansel,false,michaelansel,false,0,2,0,0,0
978,closed,jasonkarns,false,bkeepers,false,712,2,0,709,3
98,closed,MathildeLemee,false,atmos,false,1,2,0,0,0
980,closed,jasonkarns,false,michaelansel,false,0,0,null,null,null
981,closed,michaelansel,false,michaelansel,false,0,0,null,null,null
982,closed,bkeepers,true,technicalpickles,false,4,0,null,null,null
984,closed,uugengiven,false,technicalpickles,false,69,23,28,3,37
986,closed,michaelansel,false,technicalpickles,false,67,17,56,0,10
99,closed,markpasc,false,atmos,false,0,0,null,null,null
991,closed,jexe,false,michaelansel,false,0,0,null,null,null
993,closed,arcturial,false,michaelansel,false,10,0,null,null,null
994,closed,whichcoder,false,null,false,0,0,null,null,null
996,closed,lukefx,false,null,false,775,0,null,null,null
999,closed,sdimkov,false,michaelansel,false,0,0,null,null,null
