id, state, user_opened, employee_open, user_closed, employee_closed, days_opened, number_of_comments, days_between_first_and_last_comment, days_first_comment_after_creation, days_last_comment_before_closed
4132,open,yantang-msft,false,null,false,null,2,0,0,null
4129,open,RobQuistNL,false,null,false,null,2,0,0,null
4127,closed,MegaKruk,false,MegaKruk,false,0,0,null,null,null
4125,closed,olegburov,false,olegburov,false,2,2,2,0,0
4124,open,KrzysztofSzewczyk,false,null,false,null,15,2,0,null
4122,closed,Peter-Simpson,false,Peter-Simpson,false,0,9,0,0,0
4121,closed,5N44P,false,5N44P,false,0,7,1,0,1
4119,closed,stefmolin,false,lildude,true,2,2,0,0,2
4116,open,hypothermic,false,null,false,null,2,0,0,null
4113,open,Naville,false,null,false,null,15,15,0,null
4112,open,grant,false,null,false,null,7,4,0,null
4110,closed,Pigrecos,false,pchaigno,false,0,1,0,0,0
4108,closed,davidar,false,lildude,true,12,3,12,0,0
4107,closed,aminaibrahim,false,Alhadis,false,0,1,0,0,0
4105,closed,svnpenn,false,svnpenn,false,0,4,0,0,0
3854,closed,FlyingJester,false,pchaigno,false,28,1,0,0,28
3850,closed,junaid1460,false,junaid1460,false,0,3,0,0,0
3849,closed,sayRequil,false,pchaigno,false,0,1,0,0,0
3848,closed,Dimmerworld,false,Dimmerworld,false,0,0,null,null,null
3847,closed,luminescent,false,luminescent,false,0,3,0,0,0
3845,closed,peter-moran,false,peter-moran,false,0,2,0,0,0
3843,open,q5sys,false,null,false,null,2,0,56,null
3842,closed,Iolaum,false,Iolaum,false,0,4,0,0,0
3841,closed,ANybakk,false,pchaigno,false,61,5,55,6,0
3840,closed,xilopaint,false,xilopaint,false,1,2,1,0,0
3838,closed,edulorandi,false,Alhadis,false,1,3,0,1,0
3836,closed,peterhalpin,false,peterhalpin,false,0,2,0,0,0
3835,closed,tmadhuri,false,pchaigno,false,46,2,46,0,0
3834,closed,zeusdeux,false,zeusdeux,false,0,2,0,0,0
3833,closed,jannesrsa,false,jannesrsa,false,0,5,0,0,0
3832,closed,dgholz,false,kivikakk,true,25,7,8,18,1
3831,closed,Elmuti,false,lildude,true,0,2,0,0,0
3830,closed,Ppjet6,false,pchaigno,false,69,4,0,0,69
3827,closed,Always-Sunny,false,pchaigno,false,51,1,0,0,51
3826,closed,headupinclouds,false,headupinclouds,false,0,4,0,0,0
3825,closed,karyon,false,lildude,true,126,10,125,0,0
1099,closed,vickimcatee,false,arfon,false,0,3,1,0,1
1091,closed,acarabott,false,arfon,false,221,7,221,0,0
1079,closed,0xcaff,false,0xcaff,false,0,4,0,0,0
1077,closed,trillioneyes,false,trillioneyes,false,0,3,0,0,0
1076,closed,troybetz,false,troybetz,false,75,2,75,0,0
1074,closed,e8johan,false,arfon,false,238,8,676,0,438
1067,closed,Programie,false,bkeepers,true,141,7,141,0,0
1066,closed,ryancoleman,false,arfon,false,320,5,162,158,0
1062,closed,GourdErwa,false,gjtorikian,false,3,0,null,null,null
1061,closed,Air-Craft,false,bkeepers,true,203,5,203,0,0
1059,closed,joelluijmes,false,bkeepers,true,204,2,192,11,0
1055,closed,Michagogo,false,bkeepers,true,10,2,10,0,0
1054,closed,Gallefray,false,bkeepers,true,206,7,206,0,0
1051,closed,shrayasr,false,bkeepers,true,14,4,0,0,14
1050,closed,andygrunwald,false,jdennes,false,73,0,null,null,null
1048,closed,reubano,false,reubano,false,170,7,170,0,0
1047,closed,yukunlin,false,bkeepers,true,209,7,209,0,0
1044,closed,TheFrozenFire,false,arfon,false,210,4,229,0,18
1043,closed,DuncanMC,false,bkeepers,true,209,5,209,0,0
1039,closed,nhgrif,false,bkeepers,true,211,2,211,0,0
1037,closed,philleonard,false,arfon,false,210,7,210,0,0
1034,closed,gmuse,false,arfon,false,198,2,198,0,0
1032,closed,DX-MON,false,bkeepers,true,214,6,212,1,0
1031,closed,lancejpollard,false,bkeepers,true,19,2,18,0,0
1029,closed,SanjayYadav90,false,bkeepers,true,20,1,0,8,11
1028,closed,juliangehring,false,juliangehring,false,103,4,103,0,0
1025,closed,ScrimpyCat,false,bkeepers,true,217,13,217,0,0
1024,closed,dejancaric,false,arfon,false,24,1,0,0,24
1022,closed,Shoelace,false,Shoelace,false,25,5,25,0,0
1021,closed,tristanfisher,false,tristanfisher,false,0,2,0,0,0
1020,closed,jcubic,false,arfon,false,338,4,634,0,295
1019,closed,danieldiekmeier,false,arfon,false,206,12,208,0,2
1016,closed,kargakis,false,kargakis,false,0,2,0,0,0
1013,closed,baruchel,false,arfon,false,219,3,0,0,218
1012,closed,samkellett,false,samkellett,false,28,2,27,0,0
1009,closed,lexicalunit,false,lexicalunit,false,0,2,0,0,0
1007,closed,frankcash,false,frankcash,false,0,3,0,0,0
1006,closed,Shoelace,false,bkeepers,true,30,2,30,0,0
1004,closed,lowks,false,lowks,false,0,4,0,0,0
1001,closed,Acidburn0zzz,false,mislav,false,0,0,null,null,null
1000,closed,fredemmott,false,arfon,false,255,5,289,0,33
999,closed,allardhoeve,false,arfon,false,213,2,213,0,0
996,closed,mdznr,false,bkeepers,true,228,4,228,0,0
994,closed,Anniepoo,false,bkeepers,true,170,5,170,0,0
993,closed,pavn,false,arfon,false,227,5,219,0,7
990,closed,TanyaMurphy,false,bkeepers,true,178,4,0,178,0
987,closed,alex-sherwin,false,jdennes,false,96,1,0,96,0
986,closed,wangqinhu,false,arfon,false,218,6,217,0,0
983,closed,tbsalling,false,bkeepers,true,40,4,38,1,0
980,closed,deltaidea,false,deltaidea,false,42,1,0,42,0
977,closed,Andrew-Dunn,false,Andrew-Dunn,false,0,2,0,0,0
975,closed,sjackman,false,sjackman,false,2,4,2,0,0
970,closed,Moataz-E,false,arfon,false,233,2,233,0,0
968,closed,ozlerhakan,false,arfon,false,246,5,239,0,7
966,closed,dak180,false,arfon,false,249,3,8,241,0
964,closed,DannyNicholls,false,arfon,false,59,5,59,0,0
962,closed,mdznr,false,bkeepers,true,252,3,252,0,0
960,closed,stevage,false,stevage,false,326,13,288,121,83
958,closed,jessebikman,false,arfon,false,374,2,285,88,0
955,closed,honzabrecka,false,honzabrecka,false,0,2,0,0,0
953,closed,cristaloleg,false,arfon,false,64,1,0,64,0
947,closed,chipdude,false,arfon,false,256,2,40,216,0
941,closed,benjojo,false,bkeepers,true,300,13,300,0,0
940,closed,afischer,false,arfon,false,257,3,257,0,0
939,closed,hypersoft,false,arfon,false,258,3,258,0,0
937,closed,cormullion,false,cormullion,false,5,2,0,0,5
934,closed,mnieper,false,arfon,false,260,2,252,0,8
929,closed,tghosgor,false,bkeepers,true,266,2,194,71,0
928,closed,mylesbarros,false,bkeepers,true,266,1,0,266,0
926,closed,shashankgroovy,false,shashankgroovy,false,0,2,0,0,0
921,closed,matkoniecz,false,tnm,false,5,3,4,0,0
917,closed,stuartpb,false,arfon,false,307,3,15,292,0
915,closed,TomCrypto,false,bkeepers,true,275,1,0,275,0
908,closed,getify,false,arfon,false,278,5,0,278,0
905,closed,Faq,false,arfon,false,400,17,781,48,430
903,closed,jcready,false,bkeepers,true,194,2,0,192,1
902,closed,ghost,false,bkeepers,true,283,1,0,283,0
898,closed,jensb89,false,bkeepers,true,285,1,0,285,0
895,closed,abitgone,false,arfon,false,375,10,61,318,4
893,closed,toonn,false,arfon,false,275,13,214,61,0
887,closed,joefarebrother,false,bkeepers,true,298,4,297,0,0
881,closed,jimhester,false,tnm,false,0,1,0,45,45
876,closed,Forkest,false,arfon,false,305,2,9,295,0
875,closed,svnpenn,false,arfon,false,334,12,755,24,445
871,closed,geduldig,false,geduldig,false,1,0,null,null,null
869,closed,ktdreyer,false,tnm,false,9,1,0,9,0
865,closed,joshterrell805,false,tnm,false,2,0,null,null,null
863,closed,m5n,false,m5n,false,11,1,0,11,0
853,closed,nima,false,arfon,false,342,7,341,0,0
852,closed,ProgerXP,false,tnm,false,0,4,0,0,0
843,closed,azer,false,arfon,false,205,3,0,63,142
842,closed,geoff-codes,false,geoff-codes,false,0,0,null,null,null
830,closed,geoff-codes,false,geoff-codes,false,10,3,3,0,6
825,closed,rm,false,tnm,false,1,2,0,1,0
821,closed,paulvollmer,false,arfon,false,311,2,311,0,0
811,closed,tnm,false,tnm,false,0,1,0,0,0
805,closed,talllguy,false,arfon,false,331,1,0,331,0
803,closed,theunreplicated,false,bkeepers,true,334,1,0,334,0
802,closed,fribmendes,false,bkeepers,true,351,3,334,17,0
799,closed,dxyzab,false,tnm,false,0,1,0,0,0
797,closed,damiencarol,false,tnm,false,19,2,0,19,0
3824,closed,Serhioromano,false,pchaigno,false,0,1,0,0,0
3821,closed,thewilkybarkid,false,lildude,true,179,1,0,80,99
3819,closed,bradywestveer,false,pchaigno,false,56,1,0,0,56
3816,closed,vmarkovtsev,false,vmarkovtsev,false,27,9,26,0,0
3814,closed,Narcolapser,false,lildude,true,9,4,10,0,1
3812,closed,John-Nagle,false,lildude,true,143,17,141,1,0
3808,closed,Mons,false,pchaigno,false,236,2,137,90,8
3805,closed,seppestas,false,lildude,true,148,13,148,0,0
3803,closed,Anobium,false,pchaigno,false,212,1,0,94,118
3801,closed,teaearlgraycold,false,teaearlgraycold,false,95,3,0,94,0
3798,closed,Storyyeller,false,Alhadis,false,0,6,0,0,0
3797,closed,MSP-Greg,false,lildude,true,142,1,0,95,46
3795,closed,seppestas,false,seppestas,false,4,8,1,3,0
796,closed,cameronbwhite,false,tnm,false,0,2,0,0,0
795,closed,cameronbwhite,false,arfon,false,147,1,0,147,0
793,closed,natcl,false,tnm,false,23,2,23,0,0
786,closed,ktdreyer,false,tnm,false,12,2,12,0,0
785,closed,bcherny,false,arfon,false,343,1,0,315,27
784,closed,mthenw,false,mthenw,false,3,4,2,0,0
781,closed,holtzermann17,false,arfon,false,379,5,309,69,0
778,closed,ghost,false,tnm,false,0,0,null,null,null
777,closed,greghendershott,false,arfon,false,338,13,372,7,41
776,closed,parkr,true,tnm,false,0,5,1,0,1
769,closed,alsotang,false,tnm,false,44,1,0,44,0
767,closed,parkr,true,arfon,false,443,4,87,355,0
753,closed,socksy,false,arfon,false,404,1,0,404,0
752,closed,mcandre,false,tnm,false,4,1,0,4,0
747,closed,abhibeckert,false,arfon,false,366,3,309,56,0
743,closed,benapetr,false,bkeepers,true,369,10,369,0,0
738,closed,vsespb,false,tnm,false,9,1,0,9,0
736,closed,mokos,false,tnm,false,54,2,48,5,0
735,closed,Excale,false,arfon,false,373,2,1,373,1
734,closed,joelwilliamson,false,bkeepers,true,373,1,0,373,0
729,closed,rmccu,false,tnm,false,18,1,0,18,0
727,closed,mpdehaan,false,arfon,false,359,3,358,1,0
723,closed,hishamhm,false,tnm,false,76,4,54,21,0
722,closed,alesplin,false,bkeepers,true,381,1,0,381,0
720,closed,relatedcode,false,bkeepers,true,382,2,381,0,0
719,closed,rofl0r,false,tnm,false,53,3,0,53,0
714,closed,frunns,false,tnm,false,23,13,1085,11,1072
706,closed,wchargin,false,tnm,false,83,2,76,6,0
704,closed,PuercoPop,false,tnm,false,96,1,0,96,0
703,closed,bmoscon,false,tnm,false,16,3,15,1,0
694,closed,caarlos0,false,jdennes,false,35,1,0,35,0
693,closed,9peppe,false,bkeepers,true,208,3,183,24,0
692,closed,sergey-s-betke,false,tnm,false,93,2,67,25,0
690,closed,garysweaver,false,tnm,false,77,2,77,0,0
689,closed,jschnasse,false,tnm,false,46,1,0,46,0
688,closed,cwaldren,false,tnm,false,2,1,0,2,0
686,closed,daltons29,false,tnm,false,3,0,null,null,null
685,closed,avar,false,bkeepers,true,215,1,0,190,24
684,closed,raffaellod,false,arfon,false,397,1,0,51,346
683,closed,raffaellod,false,tnm,false,83,1,0,83,0
679,closed,matkoniecz,false,tnm,false,56,2,45,11,0
674,closed,webhat,false,tnm,false,60,2,69,60,69
670,closed,jokki,false,arfon,false,420,46,414,5,0
667,closed,0x0ade,false,tnm,false,64,1,0,64,0
665,closed,sheabunge,false,tnm,false,45,1,0,45,0
661,closed,yegortimoshenko,false,tnm,false,46,1,0,46,0
659,closed,sjackman,false,sjackman,false,417,4,318,98,0
658,closed,sjackman,false,tnm,false,115,3,115,0,0
655,closed,gelosie,false,tnm,false,69,1,0,69,0
653,closed,aolkin,false,tnm,false,70,3,45,24,0
652,closed,ypujante,false,tnm,false,119,2,48,71,0
651,closed,ghostbar,false,tnm,false,118,5,111,7,0
650,closed,necolas,false,tnm,false,114,2,61,52,0
647,closed,archydragon,false,tnm,false,73,1,0,73,0
645,closed,martin-ueding,false,tnm,false,74,1,0,74,0
644,closed,martin-ueding,false,tnm,false,116,1,0,116,0
640,closed,VoidVolker,false,arfon,false,433,8,359,75,0
638,closed,dsx75,false,tnm,false,75,8,1148,75,1148
636,closed,takanuva,false,tnm,false,76,1,0,76,0
635,closed,EmmetCaulfield,false,tnm,false,108,1,0,108,0
631,closed,kellertuer,false,kellertuer,false,0,1,0,0,0
630,closed,kellertuer,false,arfon,false,436,4,74,220,142
627,closed,jbrooksuk,false,jbrooksuk,false,87,3,34,52,0
623,closed,movesmyers,false,tnm,false,62,1,0,62,0
622,closed,movesmyers,false,tnm,false,0,1,0,0,0
619,closed,Bartvds,false,tnm,false,82,1,0,82,0
618,closed,calvinjuarez,false,calvinjuarez,false,127,0,null,null,null
617,closed,ilkkao,false,tnm,false,0,2,0,0,0
616,closed,lsolbach,false,tnm,false,85,2,78,6,0
615,closed,ensiform,false,arfon,false,253,1,0,253,0
610,closed,dom96,false,tnm,false,90,2,75,14,0
608,closed,ktaragorn,false,bkeepers,true,483,8,392,91,0
607,closed,DeepVarvar,false,tnm,false,0,2,0,0,0
605,closed,hkdobrev,false,tnm,false,92,3,28,92,28
604,closed,eavgerinos,false,tnm,false,93,2,54,38,0
602,closed,lsolbach,false,arfon,false,263,4,248,15,0
597,closed,nickdesaulniers,false,tnm,false,97,1,0,97,0
591,closed,othrayte,false,tnm,false,105,1,0,105,0
586,closed,michaelficarra,false,tnm,false,109,3,109,0,0
585,closed,cebe,false,tnm,false,2,2,2,0,0
581,closed,KestutisIT,false,tnm,false,0,2,0,0,0
580,closed,bf4,false,tnm,false,94,1,0,94,0
576,closed,zackw,false,tnm,false,148,3,126,21,0
566,closed,cvrebert,false,tnm,false,25,1,0,25,0
565,closed,wmertens,false,tnm,false,2,1,0,2,0
564,closed,captn3m0,false,tnm,false,123,4,118,4,0
563,closed,sudheesh001,false,tnm,false,3,1,0,3,0
556,closed,LefterisJP,false,arfon,false,297,4,29,267,0
554,closed,khoek,false,bkeepers,true,492,12,490,1,0
553,closed,mdietz94,false,tnm,false,12,2,12,0,0
552,closed,despairblue,false,tnm,false,133,1,0,133,0
551,closed,julianwachholz,false,tnm,false,134,2,62,71,0
547,closed,aquarhead,false,tnm,false,198,4,120,138,59
546,closed,jfaerman,false,tnm,false,180,2,49,131,0
545,closed,spixi,false,tnm,false,138,1,0,138,0
542,closed,justin-john,false,tnm,false,19,12,1620,2,1604
538,closed,JeffJacobson,false,tnm,false,140,4,19,121,0
537,closed,admsyn,false,bkeepers,true,413,3,273,140,0
533,closed,cooljeanius,false,arfon,false,315,1,0,315,0
532,closed,donovanh,false,tnm,false,63,6,47,15,0
526,closed,mnagel,false,mnagel,false,6,2,4,2,0
525,closed,yoshuawuyts,false,tnm,false,155,3,34,155,34
524,closed,mackuba,false,tnm,false,0,2,0,0,0
523,closed,Thanatermesis,false,tnm,false,37,7,33,4,0
522,closed,Thanatermesis,false,Thanatermesis,false,157,2,0,157,0
521,closed,88Alex,false,bkeepers,true,518,5,360,157,0
516,closed,davidwhogg,false,tnm,false,162,5,227,0,65
514,closed,tnm,false,tnm,false,164,6,152,11,0
513,closed,envygeeks,false,tnm,false,43,3,0,43,0
505,closed,konklone,false,tnm,false,55,4,610,55,610
502,closed,michaelficarra,false,arfon,false,535,2,23,511,0
501,closed,ghost,false,tnm,false,178,2,0,178,0
498,closed,borisyankov,false,arfon,false,579,13,563,16,0
3792,closed,abalkin,false,lildude,true,251,2,13,237,0
3787,closed,ovflowd,false,ovflowd,false,0,2,0,0,0
3784,closed,5N44P,false,Alhadis,false,10,38,0,9,0
3777,closed,wesleycyu,false,lildude,true,0,0,null,null,null
3776,closed,redreboot,false,redreboot,false,0,1,0,0,0
3775,open,helios1138,false,helios1138,false,null,9,177,0,null
3774,closed,CAD97,false,CAD97,false,0,4,0,0,0
3773,closed,rewinfrey,true,rewinfrey,true,22,3,22,0,0
3770,closed,kroitor,false,kroitor,false,1,10,1,0,0
3769,closed,Elronnd,false,pchaigno,false,0,1,0,0,0
3766,closed,igorbolic,false,igorbolic,false,0,3,0,0,0
492,closed,mcandre,false,tnm,false,2,0,null,null,null
491,closed,mcandre,false,tnm,false,2,0,null,null,null
490,closed,mcandre,false,tnm,false,189,1,0,189,0
489,closed,mcandre,false,bkeepers,true,520,5,169,350,0
488,closed,mcandre,false,tnm,false,189,2,189,0,0
482,closed,waltherg,false,tnm,false,3,0,null,null,null
478,closed,redbrain,false,tnm,false,79,2,10,69,0
476,closed,martin-ueding,false,tnm,false,80,2,4,80,4
470,closed,quarterto,false,tnm,false,203,1,0,203,0
467,closed,miguelmartin75,false,tnm,false,253,9,230,23,0
466,closed,cono,false,tnm,false,86,22,544,6,464
463,closed,xuhdev,false,tnm,false,21,2,164,21,164
459,closed,dalehenrich,false,dalehenrich,false,0,1,0,0,0
458,closed,mammenx,false,tnm,false,216,1,0,216,0
456,closed,jbrooksuk,false,tnm,false,259,6,162,97,0
452,closed,gustavderdrache,false,tnm,false,0,1,0,0,0
449,closed,dwdyer,false,arfon,false,585,4,151,395,38
447,closed,tucnak,false,arfon,false,617,3,609,7,0
439,closed,ruv,false,ruv,false,14,2,2,12,0
435,closed,maebert,false,arfon,false,584,37,1897,0,1313
432,closed,cmr,false,cmr,false,3,2,0,3,0
431,closed,heelhook,false,tnm,false,47,1,0,47,0
424,closed,DHowett,false,tnm,false,242,1,0,242,0
414,closed,couchand,false,tnm,false,7,2,5,1,0
407,closed,josharian,false,josharian,false,0,10,0,0,0
403,closed,dveeden,false,tnm,false,7,2,6,0,0
394,closed,r2p2,false,arfon,false,602,15,591,10,0
389,closed,bfontaine,false,tnm,false,261,1,0,261,0
387,closed,ruv,false,tnm,false,20,4,1,0,18
381,closed,MrmacHD,false,tnm,false,145,2,0,145,0
379,closed,ntotten,false,tnm,false,11,1,0,11,0
378,closed,timthelion,false,tnm,false,26,1,0,26,0
369,closed,larsbrinkhoff,false,tnm,false,35,2,20,15,0
365,closed,udawat,false,tnm,false,33,2,14,19,0
353,open,mrorii,false,arfon,false,null,12,533,217,null
352,closed,gaurish,false,tnm,false,40,1,0,40,0
351,closed,HerbertKoelman,false,tnm,false,56,1,0,56,0
347,closed,aaelony-beachmint,false,tnm,false,44,1,0,44,0
343,closed,davidgomes,false,tnm,false,46,1,0,46,0
339,closed,sergey-s-betke,false,tnm,false,51,1,0,51,0
332,closed,rofl0r,false,bkeepers,true,667,10,582,84,0
330,closed,OlliV,false,tnm,false,53,1,0,53,0
328,closed,jeckman,false,tnm,false,66,1,0,66,0
327,closed,natew,false,tnm,false,10,2,2,1,6
322,closed,ming13,false,tnm,false,71,2,59,12,0
317,closed,ghost,false,tnm,false,66,1,0,66,0
315,closed,alamaison,false,bkeepers,true,687,8,646,109,69
314,closed,xiongchiamiov,false,tnm,false,206,3,4,203,1
311,closed,HerbertKoelman,false,jdennes,false,299,5,291,88,79
309,closed,stevepiercy,false,stevepiercy,false,23,0,null,null,null
304,closed,DominikTo,false,josh,true,0,0,null,null,null
302,closed,martinjthompson,false,arfon,false,699,2,563,97,38
297,closed,tristan2468,false,arfon,false,516,2,0,516,0
296,closed,elofgren,false,tnm,false,91,3,44,46,0
292,closed,vlsd,false,tnm,false,108,1,0,108,0
291,closed,mttrb,false,tnm,false,109,1,0,109,0
290,closed,mrballistic,false,josh,true,22,2,0,22,0
284,closed,michaelcullum,false,josh,true,42,1,0,42,0
281,closed,svnpenn,false,tnm,false,423,2,372,50,0
272,closed,kciesielski,false,tnm,false,174,6,167,7,0
269,closed,webgio,false,josh,true,0,6,93,0,93
264,closed,wb,false,tnm,false,284,14,259,24,0
262,closed,benatkin,false,josh,true,0,1,0,0,0
258,closed,afronski,false,josh,true,3,2,0,3,0
257,closed,aditya3098,false,tnm,false,154,1,0,154,0
254,closed,helium-software,false,tnm,false,162,5,36,162,36
241,closed,mroth,false,tnm,false,434,2,168,0,266
240,closed,marcodiiga,false,josh,true,0,7,0,0,0
238,closed,shevegen,false,tnm,false,181,8,181,0,0
237,closed,LefterisJP,false,josh,true,0,3,5,0,4
236,closed,ztmr,false,tnm,false,321,5,262,58,0
234,closed,stevepiercy,false,josh,true,0,0,null,null,null
233,closed,pmoura,false,josh,true,1,9,2,0,0
230,closed,cptBuggy,false,tnm,false,189,1,0,189,0
229,closed,davidmanzanares,false,tnm,false,189,1,0,189,0
225,closed,tucnak,false,josh,true,0,8,0,0,0
224,closed,ghost,false,tnm,false,446,3,300,146,0
223,closed,elofgren,false,tnm,false,191,1,0,191,0
217,closed,davidmanzanares,false,josh,true,8,3,37,1,30
207,closed,josh,true,josh,true,0,0,null,null,null
206,closed,josh,true,josh,true,28,0,null,null,null
203,closed,josh,true,josh,true,13,0,null,null,null
201,closed,seldridge,false,josh,true,0,4,0,0,0
197,closed,borgified,false,josh,true,5,36,1555,0,1550
3763,closed,ugexe,false,lildude,true,165,18,165,0,0
3761,closed,EllenWasbo,false,pchaigno,false,261,3,133,116,12
3760,open,infinnie,false,null,false,null,5,271,0,null
3759,closed,FabriDamazio,false,FabriDamazio,false,1,9,1,0,0
3758,closed,hyandell,false,pchaigno,false,94,1,0,9,85
3757,closed,binki,false,lildude,true,118,1,0,118,0
3756,closed,TheRealBastiaan,false,TheRealBastiaan,false,2,1,0,2,0
3750,closed,Paebbels,false,Alhadis,false,0,1,0,0,0
3746,open,smola,false,null,false,null,3,245,0,null
3745,open,smola,false,null,false,null,2,0,1,null
3742,closed,nukeop,false,pchaigno,false,0,1,0,0,0
3739,closed,goodmind,false,goodmind,false,17,1,0,0,17
3738,closed,alexisCata,false,pchaigno,false,104,1,0,0,104
3737,closed,cetinajero,false,lildude,true,129,3,0,0,129
192,closed,chriscct7,false,chriscct7,false,5,8,75,3,73
191,closed,octplane,false,josh,true,11,1,0,11,0
190,closed,octplane,false,octplane,false,0,2,0,0,0
188,closed,octplane,false,josh,true,14,2,0,0,14
182,closed,josh,true,josh,true,0,1,0,0,0
137,closed,davidfowl,false,josh,true,10,20,1669,0,1658
136,closed,jaxzin,false,josh,true,13,2,0,13,0
134,closed,ecere,false,ecere,false,0,9,0,0,0
130,closed,leek,false,josh,true,30,5,442,29,441
127,closed,ahmetb,false,ahmetb,false,0,2,0,0,0
121,closed,stereobooster,false,josh,true,0,1,0,0,0
119,closed,scribu,false,josh,true,0,6,431,0,431
116,closed,namin,false,josh,true,24,3,0,6,17
110,closed,samoht,false,josh,true,3,1,0,3,0
106,closed,jgranick,false,josh,true,12,4,308,0,296
102,closed,joshcrews,false,josh,true,0,5,0,0,0
82,closed,DejaAugustine,false,josh,true,0,2,0,0,0
79,closed,tinku99,false,josh,true,0,1,0,0,0
73,closed,stof,false,josh,true,1,4,1008,1,1008
52,closed,tekkub,false,josh,true,0,2,0,0,0
45,closed,Visgean,false,Visgean,false,0,6,0,0,0
37,closed,kevinjalbert,false,josh,true,0,1,0,0,0
28,closed,josh,true,josh,true,0,0,null,null,null
27,closed,josh,true,josh,true,0,0,null,null,null
24,closed,tfeldmann,false,josh,true,3,3,3,0,0
21,closed,asmeurer,false,josh,true,0,2,0,0,0
15,closed,alcides,false,josh,true,7,22,1018,0,1011
8,closed,elibarzilay,false,josh,true,0,2,0,0,0
7,closed,elibarzilay,false,josh,true,0,1,0,0,0
5,closed,josh,true,josh,true,3,0,null,null,null
4,closed,josh,true,josh,true,3,0,null,null,null
3,closed,mojombo,false,josh,true,0,1,0,0,0
2,closed,tekkub,false,josh,true,5,1,0,5,0
1,closed,tekkub,false,josh,true,0,3,0,0,0
3733,closed,gluons,false,pchaigno,false,0,7,0,0,0
3729,closed,ollien,false,ollien,false,0,6,0,0,0
3727,closed,adius,false,lildude,true,0,11,19,0,19
3726,closed,jasalazar,false,lildude,true,134,5,134,0,0
3724,closed,fadeevab,false,lildude,true,135,6,135,0,0
3722,closed,osjoberg,false,osjoberg,false,0,2,0,0,0
3721,closed,poizan42,false,pchaigno,false,0,1,0,0,0
3719,open,AlekSi,false,null,false,null,3,0,0,null
3718,closed,ppKrauss,false,pchaigno,false,119,2,113,5,0
3717,closed,stevenvachon,false,stevenvachon,false,0,14,0,0,0
3713,closed,shanemcmahon,false,pchaigno,false,281,2,60,0,221
3712,closed,adaedra,false,adaedra,false,78,3,78,0,0
3711,closed,hang-up,false,hang-up,false,2,4,2,0,0
3705,closed,sumchat,false,sumchat,false,16,3,15,0,0
3703,closed,cooper,false,cooper,false,1,6,1,0,0
3701,closed,nickdiorio,false,lildude,true,155,2,3,0,151
3700,closed,AnandPilania,false,AnandPilania,false,0,2,0,0,0
3699,open,mcandre,false,null,false,null,2,3,0,null
3695,closed,OmgImAlexis,false,Alhadis,false,0,4,0,0,0
3694,closed,theel0ja,false,pchaigno,false,0,1,0,0,0
3693,closed,pjeby,false,pjeby,false,1,4,0,0,0
3692,closed,RafaelPAndrade,false,RafaelPAndrade,false,0,4,0,0,0
3690,closed,nhoizey,false,lildude,true,0,2,315,0,315
3688,closed,Minege,false,Minege,false,0,2,0,0,0
3686,closed,Ailincai-Nicolae-Rares,false,Ailincai-Nicolae-Rares,false,2,2,1,1,0
3685,closed,megatux,false,pchaigno,false,1,1,0,1,0
3684,closed,reza-khalafi,false,pchaigno,false,3,8,1,1,0
3683,closed,jaredly,false,pchaigno,false,143,1,0,15,128
3681,closed,henriquearthur,false,henriquearthur,false,4,6,1,3,0
3680,closed,blkperl,false,pchaigno,false,0,1,0,0,0
3679,open,blegat,false,null,false,null,0,null,null,null
3678,closed,Boris-c,false,pchaigno,false,146,1,0,0,145
3675,closed,Kamik423,false,pchaigno,false,0,3,0,0,0
3674,closed,xinglin,false,pchaigno,false,0,1,0,0,0
3673,closed,neilbalch,false,lildude,true,0,2,0,0,0
3671,closed,rightfold,false,Alhadis,false,11,5,0,0,11
3670,closed,MichaelCalleia,false,MichaelCalleia,false,0,2,0,0,0
3668,closed,roeeaharoni,false,Alhadis,false,0,7,1,0,1
3666,closed,hepabolu,false,lildude,true,230,4,228,1,0
3665,open,JonasT,false,null,false,null,4,50,166,null
3664,closed,iymaltsev,false,pchaigno,false,0,1,0,0,0
3663,closed,JonasT,false,lildude,true,15,6,0,0,14
3661,closed,DarkAyron,false,lildude,true,181,3,181,0,0
3658,closed,azah,false,lildude,true,0,6,0,0,0
3657,open,trijezdci,false,null,false,null,2,0,7,null
3656,closed,javalnanda,false,lildude,true,33,2,0,0,33
3655,closed,alexjoverm,false,alexjoverm,false,0,2,0,0,0
3654,closed,nrough,false,lildude,true,186,2,7,0,178
3653,open,oldmud0,false,null,false,null,3,286,0,null
3649,closed,digitallagoon,false,lildude,true,239,6,239,0,0
3641,closed,nolanholden,false,pchaigno,false,2,3,0,1,0
3637,closed,wchristian,false,lildude,true,152,16,153,0,1
3635,closed,stof,false,lildude,true,3,3,0,3,0
3632,closed,wkentaro,false,wkentaro,false,8,4,8,0,0
3631,closed,Varriount,false,Varriount,false,9,5,6,2,1
3628,open,esalter-va,false,lildude,true,null,4,350,9,null
3624,closed,Venemo,false,lildude,true,301,5,26,11,262
3623,closed,mkitchin,false,mkitchin,false,0,4,0,0,0
3622,closed,DrJoson,false,pchaigno,false,0,1,0,0,0
3619,closed,pratheeksh,false,pchaigno,false,2,1,0,2,0
3618,closed,xiaoxyy,false,xiaoxyy,false,1,1,0,0,1
3615,closed,mahmoudmubarak,false,mahmoudmubarak,false,3,1,0,3,0
3613,closed,kmruehl,false,kmruehl,false,28,6,28,0,0
3612,closed,nwhetsell,false,nwhetsell,false,0,2,0,0,0
3607,closed,lildude,true,lildude,true,4,10,4,0,0
3605,open,Caged,true,null,false,null,2,72,0,null
3602,closed,cubiclesoft,false,lildude,true,0,3,0,0,0
3601,closed,stof,false,lildude,true,0,9,0,0,0
3600,closed,newpavlov,false,lildude,true,0,3,0,0,0
3599,closed,salmanulfarzy,false,salmanulfarzy,false,0,2,0,0,0
3598,closed,IgorRodchenkov,false,pchaigno,false,188,1,0,0,188
3596,closed,kuznetsovn,false,kuznetsovn,false,0,3,0,0,0
3595,closed,dwicao,false,dwicao,false,1,2,0,0,0
3589,open,veox,false,null,false,null,9,94,0,null
3581,closed,toralf,false,lildude,true,4,1,0,4,0
3577,open,fusion809,false,null,false,null,2,93,0,null
3576,closed,hsmistry,false,pchaigno,false,0,1,0,0,0
3573,closed,mlanier,false,lildude,true,0,1,0,0,0
3569,open,Orc,false,null,false,null,2,0,8,null
3568,closed,rafael-santiago,false,rafael-santiago,false,361,4,347,13,0
3567,closed,DrPizza,false,pchaigno,false,0,1,0,0,0
3566,closed,reebr,false,lildude,true,9,1,0,9,0
3565,closed,stof,false,lildude,true,8,5,8,0,0
3563,closed,armijnhemel,false,lildude,true,8,4,93,9,93
3562,open,armijnhemel,false,null,false,null,3,0,0,null
3561,closed,depazsierra,false,Caged,true,23,3,23,0,0
3558,closed,lansana,false,Alhadis,false,0,3,0,0,0
3557,closed,be5invis,false,pchaigno,false,0,6,0,0,0
3555,closed,fulldecent,false,pchaigno,false,0,1,0,0,0
3554,closed,NewForester,false,Alhadis,false,2,12,2,0,0
3551,closed,ThomDietrich,false,ThomDietrich,false,50,7,100,0,50
3547,closed,dmoisset,false,pchaigno,false,0,1,0,0,0
4104,closed,stringfellow,false,lildude,true,7,23,7,0,0
4103,closed,gdonald,false,pchaigno,false,5,9,3,0,2
4102,closed,ngohungphuc,false,ngohungphuc,false,0,7,0,0,0
4094,closed,tpenguinltg,false,pchaigno,false,6,3,6,0,0
4091,closed,tbodt,false,lildude,true,1,5,1,0,0
4090,closed,zoffixznet,false,pchaigno,false,12,8,12,0,0
4082,closed,kasper3,false,pchaigno,false,1,3,1,0,0
4080,closed,pditommaso,false,pditommaso,false,28,26,28,0,0
4076,closed,Meteorix,false,Meteorix,false,0,7,0,0,0
4075,closed,aysunakarsu,false,pchaigno,false,20,3,0,0,19
4074,closed,aysunakarsu,false,pchaigno,false,20,3,0,0,19
3543,closed,MaickelHubner,false,lildude,true,0,1,0,0,0
3540,closed,dimitri,false,dimitri,false,0,5,0,0,0
3539,closed,diestrin,false,diestrin,false,33,2,0,33,0
3538,closed,revolter,false,revolter,false,0,2,0,0,0
3537,closed,rainestormee,false,pchaigno,false,0,1,0,0,0
3536,closed,Whale67,false,Caged,true,42,1,0,0,42
3532,closed,javierhonduco,false,javierhonduco,false,327,0,null,null,null
3520,closed,Wetitpig,false,Wetitpig,false,0,0,null,null,null
3516,closed,Janmm14,false,pchaigno,false,0,1,0,0,0
3515,closed,jelder,false,Caged,true,50,2,6,43,0
3513,closed,MaickelHubner,false,pchaigno,false,0,1,0,0,0
3508,closed,konstunn,false,pchaigno,false,0,7,24,0,24
3507,closed,BrainCrumbz,false,lildude,true,52,4,52,0,0
3506,closed,Wetitpig,false,lildude,true,9,1,0,9,0
3505,closed,C-F-4,false,lildude,true,53,2,53,0,0
3503,closed,jorgebucaran,false,Alhadis,false,10,1,0,10,0
3499,closed,valorad,false,lildude,true,55,1,0,55,0
3498,closed,jy95,false,Alhadis,false,0,3,0,0,0
3497,open,standage,false,null,false,null,4,0,0,null
3496,open,asross,false,null,false,null,1,0,86,null
3495,open,philiparvidsson,false,philiparvidsson,false,null,4,18,0,null
3492,closed,klpn,false,klpn,false,0,0,null,null,null
3486,closed,railix,false,pchaigno,false,0,13,443,0,443
3484,open,Jean-Baptiste-Camps,false,null,false,null,1,0,115,null
3483,closed,hh8888,false,hh8888,false,0,2,0,0,0
3474,closed,Iwuh,false,Caged,true,77,2,77,0,0
3467,closed,osorgin,false,lildude,true,302,4,302,0,0
3465,closed,lots0logs,false,lots0logs,false,0,2,0,0,0
3462,closed,nholland94,false,lildude,true,306,5,108,198,0
3461,closed,durul,false,durul,false,0,3,0,0,0
3460,closed,AlekSi,false,AlekSi,false,12,0,null,null,null
3458,closed,sdejonk,false,lildude,true,301,1,0,301,0
3456,open,Dorian,false,null,false,null,0,null,null,null
3455,closed,arcturusannamalai,false,pchaigno,false,0,2,0,0,0
3451,open,HarryBeadle,false,brandonblack,false,null,8,20,0,null
3450,open,GabLeRoux,false,null,false,null,1,0,333,null
3449,closed,AaronBratcher,false,pchaigno,false,10,3,9,1,0
3446,closed,jtgrassie,false,brandonblack,false,1,1,0,1,0
3442,closed,Aquzohr,false,Caged,true,92,2,92,0,0
3440,closed,jamesqo,false,brandonblack,false,5,6,4,0,0
3439,open,touisteur,false,null,false,null,1,0,102,null
3437,closed,koop4,false,koop4,false,1,6,1,0,0
3435,closed,bradhaywood,false,bradhaywood,false,2,2,0,2,0
3433,closed,congdm,false,brandonblack,false,3,6,0,0,3
3430,closed,sunderls,false,pchaigno,false,0,3,0,0,0
3428,closed,nwhetsell,false,brandonblack,false,12,7,12,0,0
3425,closed,kivikakk,true,brandonblack,false,0,10,0,0,0
3419,closed,jeremylong,false,jeremylong,false,1,3,1,0,0
3418,closed,nwhetsell,false,nwhetsell,false,0,2,0,0,0
3417,closed,Zaid-Safadi,false,Zaid-Safadi,false,0,3,0,0,0
3414,closed,jcubic,false,jcubic,false,0,2,0,0,0
3412,closed,lrq3000,false,pchaigno,false,3,2,0,0,2
3410,closed,danilaml,false,pchaigno,false,3,5,0,0,2
3408,closed,jfmc,false,brandonblack,false,4,1,0,0,4
3407,closed,kemin711,false,pchaigno,false,0,1,0,0,0
3406,closed,Mike-Now,false,brandonblack,false,9,2,9,0,0
3405,closed,plantain-00,false,plantain-00,false,0,2,0,0,0
3404,closed,pepa65,false,pchaigno,false,10,5,0,0,9
3401,closed,madclaws,false,pchaigno,false,11,8,11,0,0
3400,closed,deadtrickster,false,pchaigno,false,0,1,0,0,0
3399,closed,ndimhypervol,false,pchaigno,false,1,5,1,0,0
3395,closed,miladd3,false,miladd3,false,2,0,null,null,null
3394,open,jonsuh,false,null,false,null,1,0,509,null
3391,closed,tjrana,false,tjrana,false,276,1,0,39,236
3390,closed,SyndARn,false,SyndARn,false,0,2,0,0,0
3389,closed,katywings,false,katywings,false,0,2,0,0,0
3387,open,brandonblack,false,null,false,null,2,0,149,null
3381,closed,anywhichway,false,pchaigno,false,22,2,0,0,21
3380,closed,1st1,false,pchaigno,false,0,1,0,0,0
3379,open,faquinonez,false,null,false,null,2,455,0,null
3376,closed,kevgs,false,kevgs,false,0,4,0,0,0
3374,closed,ryanmcdermott,false,ryanmcdermott,false,0,2,0,0,0
3371,closed,meganemura,false,meganemura,false,159,5,159,0,0
3369,closed,amnotafraid,false,amnotafraid,false,0,2,0,0,0
3365,closed,idrougge,false,Alhadis,false,0,1,0,0,0
3362,closed,gumblex,false,pchaigno,false,1,5,0,1,0
3356,closed,philippreston,false,pchaigno,false,3,1,0,3,0
3351,closed,swharden,false,pchaigno,false,5,3,5,0,0
3348,closed,vflyson,false,brandonblack,false,3,5,99,0,95
3347,closed,oscarsaleta,false,pchaigno,false,1,1,0,1,0
3346,closed,thewhitetulip,false,Caged,true,159,3,148,10,0
3345,closed,lukeoftheaura,false,pchaigno,false,10,1,0,0,10
3344,closed,holmrenser,false,holmrenser,false,0,4,0,0,0
3343,closed,Faizaankhan3,false,pchaigno,false,1,4,0,1,0
3342,closed,lucasrodes,false,vmg,true,5,3,3,1,0
3338,closed,ojdo,false,pchaigno,false,13,4,9,3,0
3334,closed,alexjfisher,false,pchaigno,false,0,4,0,0,0
3331,closed,tomlutzenberger,false,Alhadis,false,0,6,0,0,0
3330,closed,sv3,false,Alhadis,false,1,6,1,0,0
3327,closed,sathyalog,false,Alhadis,false,0,3,0,0,0
3326,closed,siddharthist,false,siddharthist,false,0,1,0,0,0
3324,closed,bradynpoulsen,false,Alhadis,false,2,1,0,2,0
3323,closed,danilaml,false,brandonblack,false,3,8,8,0,4
3322,closed,CodingAnarchy,false,CodingAnarchy,false,0,2,0,0,0
3318,closed,jevanpipitone,false,pchaigno,false,29,1,0,0,29
3317,closed,GiorgioMaroki,false,pchaigno,false,0,1,0,0,0
3316,closed,adam704a,false,lildude,true,361,16,369,0,8
3313,closed,matejkosik,false,Alhadis,false,0,5,0,0,0
3309,closed,Dbz,false,Dbz,false,0,2,0,0,0
3305,closed,siddharthist,false,siddharthist,false,189,15,189,0,0
3304,closed,Alexey-T,false,pchaigno,false,0,2,0,0,0
3303,closed,Alexey-T,false,arfon,false,0,2,0,0,0
3302,closed,Alexey-T,false,arfon,false,0,1,0,0,0
3301,closed,Alexey-T,false,arfon,false,0,2,0,0,0
3300,closed,soul2197,false,soul2197,false,0,2,0,0,0
3299,closed,Ho-Holic,false,brandonblack,false,40,3,0,6,34
3298,closed,lubien,false,arfon,false,0,2,0,0,0
3293,closed,austintoddj,false,austintoddj,false,5,11,5,0,0
3292,closed,otgo,false,otgo,false,0,1,0,0,0
3291,open,andreevlex,false,null,false,null,38,540,0,null
3290,closed,cdown,false,cdown,false,0,3,0,0,0
3288,closed,devnoname120,false,pchaigno,false,73,3,74,0,0
3286,closed,jamesone,false,pchaigno,false,3,4,3,0,0
3283,closed,mbmccormick,false,mbmccormick,false,0,3,0,0,0
3282,closed,mayou36,false,mayou36,false,0,4,0,0,0
3273,closed,otgo,false,pchaigno,false,0,1,0,0,0
3271,closed,otgo,false,otgo,false,0,11,0,0,0
3270,closed,flipdazed,false,pchaigno,false,15,7,18,2,4
3265,closed,icecubetray,false,icecubetray,false,0,3,0,0,0
3263,closed,sahat,false,pchaigno,false,4,2,3,0,0
3261,closed,nathany,false,lildude,true,473,1,0,473,0
3260,closed,Mikechaos,false,pchaigno,false,4,2,0,4,0
3257,closed,otgo,false,pchaigno,false,0,4,0,0,0
3256,closed,apsdehal,false,pchaigno,false,3,8,272,0,269
3252,closed,larshp,false,larshp,false,7,11,7,0,0
3244,closed,jecisc,false,pchaigno,false,36,4,34,2,0
3239,closed,jseabold,false,pchaigno,false,29,1,0,29,0
4070,closed,BitPit12,false,lildude,true,0,0,null,null,null
4064,closed,carusogabriel,false,pchaigno,false,0,1,0,0,0
4063,closed,afterether,false,afterether,false,0,3,0,0,0
4061,closed,miketsivinsky,false,miketsivinsky,false,0,5,0,0,0
4060,closed,miketsivinsky,false,miketsivinsky,false,0,2,0,0,0
4056,open,Alhadis,false,null,false,null,10,30,10,null
4055,closed,ghost,false,null,false,0,2,0,0,0
4050,closed,Pawamoy,false,Pawamoy,false,0,10,0,0,0
4049,closed,Impulse21,false,Impulse21,false,0,5,0,0,0
4047,closed,Priyanka1527,false,lildude,true,14,1,0,0,14
4046,closed,asudbury,false,pchaigno,false,0,5,0,0,0
4045,closed,zekrom-vale,false,lildude,true,16,1,0,0,15
3234,closed,nathany,false,nathany,false,34,23,196,0,162
3232,closed,zcorpan,false,zcorpan,false,0,3,0,0,0
3231,closed,highperformancecoder,false,pchaigno,false,2,4,2,0,0
3230,closed,ghost,false,null,false,3,4,3,0,0
3229,closed,controversial,false,arfon,false,13,6,166,13,166
3228,closed,inoas,false,arfon,false,6,28,6,0,0
3226,closed,siegy22,false,pchaigno,false,23,8,23,0,0
3225,closed,pchaigno,false,pchaigno,false,79,11,78,0,0
3222,closed,Skylark13,false,pchaigno,false,80,2,29,50,0
3217,closed,jalbam,false,pchaigno,false,0,1,0,0,0
3216,closed,jalbam,false,pchaigno,false,80,1,0,80,0
3211,closed,arfon,false,brandonblack,false,76,0,null,null,null
3210,closed,haskellcamargo,false,pchaigno,false,82,1,0,82,0
3209,closed,pchaigno,false,vmg,true,502,11,504,0,1
3204,closed,Warry,false,arfon,false,1,15,16,0,15
3202,closed,AelitaStyles,false,pchaigno,false,83,7,82,1,0
3200,closed,kissarat,false,pchaigno,false,0,1,0,0,0
3194,closed,bcr,false,pchaigno,false,0,1,0,0,0
3191,closed,elucian,false,pchaigno,false,0,3,2,0,1
3190,closed,ppernot,false,larsbrinkhoff,false,1,13,33,0,32
3187,closed,vors,false,pchaigno,false,7,2,0,0,7
3186,closed,Herst,false,pchaigno,false,93,8,4,0,89
3185,closed,RonMelkhior,false,pchaigno,false,8,10,18,2,12
3184,closed,mcandre,false,pchaigno,false,0,2,0,0,0
3181,closed,mirabilos,false,lildude,true,426,11,426,0,0
3179,closed,deosha,false,pchaigno,false,11,1,0,0,11
3178,closed,cozos,false,arfon,false,13,17,63,0,50
3172,closed,reebr,false,larsbrinkhoff,false,36,9,103,0,67
3170,closed,narunlifescience,false,narunlifescience,false,0,3,0,0,0
3169,closed,anntzer,false,pchaigno,false,0,1,0,0,0
3168,closed,karol-202,false,pchaigno,false,338,4,338,0,0
3167,closed,hckr,false,brandonblack,false,88,4,88,0,0
3163,closed,alexazhou,false,alexazhou,false,0,13,63,0,63
3159,closed,jcubic,false,jcubic,false,0,3,35,0,35
3158,closed,jcubic,false,pchaigno,false,0,3,0,0,0
3156,open,nosoop,false,Caged,true,null,29,441,109,null
3155,closed,avelino,false,pchaigno,false,0,1,0,0,0
3153,closed,FarbodSalamat-Zadeh,false,pchaigno,false,0,1,0,0,0
3150,closed,conlain-k,false,arfon,false,42,5,0,34,7
3146,closed,Fedjmike,false,pchaigno,false,0,1,0,0,0
3144,closed,ktalebian,false,pchaigno,false,121,2,0,102,18
3140,closed,nasa9084,false,nasa9084,false,74,2,74,0,0
3139,closed,asarazan,false,lildude,true,455,6,455,0,0
3136,closed,golanguz,false,pchaigno,false,0,4,0,0,0
3135,closed,pchaigno,false,arfon,false,7,7,7,0,0
3133,closed,StoneCypher,false,lildude,true,494,17,468,27,1
3131,closed,cezarykluczynski,false,lildude,true,503,1,0,503,0
3130,open,Alhadis,false,null,false,null,5,0,0,null
3129,closed,Chalarangelo,false,Chalarangelo,false,0,7,2,0,2
3121,closed,veesa,true,larsbrinkhoff,false,38,4,38,0,0
3120,closed,veesa,true,pchaigno,false,0,1,0,0,0
3119,closed,jbrooksuk,false,pchaigno,false,0,8,0,0,0
3118,closed,songgao,false,pchaigno,false,0,1,0,0,0
3114,closed,siddharthist,false,lildude,true,514,8,513,0,0
3107,closed,larsbrinkhoff,false,larsbrinkhoff,false,0,2,0,0,0
3106,open,larsbrinkhoff,false,null,false,null,6,160,37,null
3103,closed,andydavies92,false,pchaigno,false,2,2,0,2,0
3097,closed,avarun42,false,arfon,false,1,3,0,0,0
3096,closed,arfon,false,arfon,false,0,0,null,null,null
3094,open,reebr,false,null,false,null,5,4,0,null
3089,closed,davorb,false,pchaigno,false,1,3,1,0,0
3084,closed,controversial,false,pchaigno,false,1,1,0,1,0
3083,closed,zhenyu-zhou,false,zhenyu-zhou,false,0,4,0,0,0
3081,closed,mkxcode,false,pchaigno,false,1,5,1,0,0
3075,closed,dwijnand,false,arfon,false,0,17,383,0,383
3072,closed,stoewer,false,pchaigno,false,6,7,6,0,0
3070,closed,arfon,false,arfon,false,84,6,7,0,76
3067,closed,jamesadarich,false,arfon,false,1,11,671,1,671
3065,closed,wb9688,false,arfon,false,0,1,0,0,0
3064,closed,vespakoen,false,Caged,true,318,1,0,318,0
3063,closed,carlbennett,false,arfon,false,2,5,0,0,1
3060,closed,arfonsmith,false,arfonsmith,false,0,0,null,null,null
3058,closed,jcubic,false,arfon,false,0,3,69,0,69
3057,closed,larsbrinkhoff,false,larsbrinkhoff,false,34,11,32,2,0
3056,closed,silkentrance,false,silkentrance,false,1,5,2,0,1
3050,closed,NexiusTailer,false,pchaigno,false,16,2,11,5,0
3047,closed,elizabethsiegle,false,arfon,false,11,1,0,0,11
3045,closed,Limess,false,arfon,false,5,1,0,0,5
3044,open,cozos,false,arfon,false,null,39,380,0,null
3043,closed,dagwieers,false,pchaigno,false,22,4,10,0,11
3042,closed,kevinSuttle,false,kevinSuttle,false,0,2,0,0,0
3031,closed,BaerMitUmlaut,false,arfon,false,0,6,0,0,0
3026,closed,P233,false,pchaigno,false,30,4,30,0,0
3025,closed,LukaszDev,false,LukaszDev,false,0,6,0,0,0
3023,closed,hem-kant,false,hem-kant,false,0,4,0,0,0
3018,closed,Jonathan50,false,Alhadis,false,191,37,358,1,168
3016,closed,Wolfman-F16,false,arfon,false,6,2,4,2,0
3014,closed,LucasKrahl23,false,pchaigno,false,60,16,60,0,0
3013,closed,eddic,false,eddic,false,0,2,0,0,0
3012,closed,kenorb,false,pchaigno,false,36,2,183,36,183
3006,closed,jackreyneke,false,arfon,false,33,15,33,0,0
3004,closed,cyjseagull,false,pchaigno,false,45,4,0,0,44
3003,closed,doughsay,false,doughsay,false,1,2,1,0,0
3002,closed,Zimmi48,false,lildude,true,576,1,0,576,0
3000,closed,mattusifer,false,mattusifer,false,57,16,456,0,398
2989,closed,paradiselost79,false,paradiselost79,false,0,2,0,0,0
2988,open,Alhadis,false,null,false,null,0,null,null,null
2985,closed,jaredpetersen,false,jaredpetersen,false,0,2,0,0,0
2982,closed,Alhadis,false,Alhadis,false,0,7,0,0,0
2979,closed,jamestalmage,false,arfon,false,2,3,2,0,0
2977,closed,zacps,false,arfon,false,4,2,4,0,0
2975,closed,rokf,false,arfon,false,5,5,5,0,0
2974,closed,EvanDarwin,false,EvanDarwin,false,0,1,0,0,0
2972,closed,ItangSanjana,false,arfon,false,8,4,8,0,0
2970,closed,zg,false,zg,false,0,2,0,0,0
2968,closed,staabm,false,arfon,false,12,6,12,0,0
2965,closed,henrywright,false,arfon,false,13,6,79,0,66
2962,open,terryburton,false,null,false,null,10,518,0,null
2959,closed,goodevilgenius,false,goodevilgenius,false,0,2,0,0,0
2958,closed,jedmodes,false,arfon,false,54,4,20,0,34
2956,closed,TimothyGu,false,brandonblack,false,210,5,209,0,0
2944,closed,OneOfOne,false,OneOfOne,false,0,2,0,0,0
2943,closed,jesus2099,false,arfon,false,24,4,25,0,1
2942,closed,mowgli,false,arfon,false,23,3,0,10,12
2940,closed,MathBunny,false,arfon,false,59,10,59,0,0
4043,closed,joakimlindblad,false,pchaigno,false,7,1,0,0,7
4041,closed,IonicaBizau,false,IonicaBizau,false,0,5,0,0,0
4033,open,amclain,false,null,false,null,1,0,0,null
4028,open,lediur,false,null,false,null,0,null,null,null
4024,closed,jweinst1,false,jweinst1,false,0,7,0,0,0
4023,closed,47014106,false,Alhadis,false,0,0,null,null,null
4022,closed,ivanhercaz,false,ivanhercaz,false,1,2,0,0,0
4020,closed,uglyoldbob,false,lildude,true,0,3,0,0,0
2933,closed,kriskhaira,false,pchaigno,false,87,4,87,0,0
2932,closed,jamesqo,false,arfon,false,34,2,34,0,0
2931,closed,mtezzele,false,arfon,false,0,2,0,0,0
2926,closed,michaelpittino,false,pchaigno,false,106,1,0,0,106
2925,closed,1st1,false,1st1,false,0,2,0,0,0
2924,closed,Alhadis,false,lildude,true,619,5,619,0,0
2915,closed,jamesqo,false,arfon,false,39,6,40,0,0
2913,closed,onodera-punpun,false,arfon,false,41,1,0,41,0
2909,closed,MadcapJake,false,pchaigno,false,255,4,0,0,254
2904,closed,burkovsky,false,burkovsky,false,0,7,0,0,0
2890,closed,jamesqo,false,pchaigno,false,260,3,260,0,0
2888,open,arfon,false,null,false,null,2,0,0,null
2885,closed,arfon,false,arfon,false,48,13,48,0,0
2881,closed,eyolfson,false,pchaigno,false,113,3,1,112,0
2878,closed,petrSchreiber,false,pchaigno,false,109,8,108,0,0
2874,open,rptb1,false,null,false,null,13,19,0,null
2872,closed,joseluis,false,arfon,false,0,1,0,0,0
2867,closed,jplatte,false,arfon,false,0,2,0,0,0
2865,closed,ghost,false,null,false,0,2,0,0,0
2864,closed,jordwalke,false,arfon,false,0,1,0,0,0
2862,closed,jadencarver,false,jadencarver,false,0,0,null,null,null
2860,closed,amueller,false,amueller,false,0,3,0,0,0
2859,closed,adamralph,false,pchaigno,false,276,1,0,276,0
2854,closed,matipan,false,arfon,false,0,2,0,0,0
2852,closed,ghost,false,arfon,false,15,4,0,0,14
2850,closed,michaelblyons,false,arfon,false,14,3,15,0,1
2849,closed,bomjacob,false,arfon,false,18,17,18,0,0
2841,closed,kusma,false,arfon,false,18,6,0,0,18
2840,closed,luchillo17,false,arfon,false,2,3,0,2,0
2839,closed,TWiStErRob,false,pchaigno,false,292,5,291,0,0
2835,open,maandree,false,null,false,null,4,0,0,null
2830,closed,sevvie,false,arfon,false,0,8,0,0,0
2829,closed,50Wliu,false,50Wliu,false,1,3,1,0,0
2828,closed,FarbodSalamat-Zadeh,false,arfon,false,7,6,1,6,0
2823,open,shrmnk,false,null,false,null,5,24,2,null
2820,closed,pyk,false,pyk,false,0,2,0,0,0
2819,closed,triska,false,arfon,false,0,3,0,0,0
2818,closed,FarbodSalamat-Zadeh,false,FarbodSalamat-Zadeh,false,1,15,707,0,705
2817,closed,fntlnz,false,arfon,false,44,1,0,0,44
2816,closed,alexandermendes,false,alexandermendes,false,0,2,0,0,0
2815,closed,bpierre,false,arfon,false,47,4,48,0,1
2814,closed,onebree,false,onebree,false,0,2,0,0,0
2810,closed,chrisarcand,false,chrisarcand,false,339,2,16,323,0
2806,closed,GeorgeL9,false,GeorgeL9,false,0,0,null,null,null
2802,closed,c-lipka,false,arfon,false,57,1,0,57,0
2801,closed,c-lipka,false,arfon,false,57,5,57,0,0
2799,closed,yarwelp,false,arfon,false,25,2,0,25,0
2795,closed,carlsmith,false,arfon,false,0,3,0,0,0
2793,closed,foxx,false,arfon,false,1,2,0,0,0
2791,closed,kirbyfan64,false,kirbyfan64,false,1,2,0,0,0
2790,closed,vputsenko,false,pchaigno,false,345,5,181,0,164
2789,closed,kentfredric,false,arfon,false,22,2,18,3,0
2787,closed,hakusaro,false,arfon,false,195,2,179,3,12
2785,closed,IngwiePhoenix,false,arfon,false,71,1,0,0,71
2781,closed,chorny,false,arfon,false,11,1,0,1,10
2780,open,jamesqo,false,null,false,null,4,347,10,null
2779,closed,rufinus,false,arfon,false,0,2,0,0,0
2777,closed,ghost,false,null,false,113,4,0,0,112
2774,closed,justinforce,false,justinforce,false,2,2,1,0,0
2770,closed,Enerccio,false,arfon,false,84,1,0,84,0
2769,closed,thedrow,false,arfon,false,84,2,0,0,84
2767,closed,nicolas-grekas,false,arfon,false,87,4,71,15,0
2764,closed,lathrop-navisite,false,arfon,false,90,2,90,0,0
2762,closed,vishal-bala,false,arfon,false,27,4,1,25,0
2761,closed,mking,false,arfon,false,92,8,183,0,91
2760,closed,blakeembrey,false,arfon,false,95,7,95,0,0
2756,closed,JamesOwers,false,arfon,false,0,9,0,0,0
2754,closed,lee-dohm,true,arfon,false,0,2,0,0,0
2753,closed,L-EARN,false,L-EARN,false,1,7,2,0,1
2752,closed,igrep,false,arfon,false,0,2,0,0,0
2751,closed,c-lipka,false,brandonblack,false,372,3,365,4,2
2748,closed,astroxe,false,arfon,false,18,2,142,2,126
2747,closed,wbuchanan,false,arfon,false,2,1,0,2,0
2743,closed,mindaugasrukas,false,mindaugasrukas,false,7,2,7,0,0
2739,closed,perroned,false,perroned,false,0,0,null,null,null
2730,closed,eush77,false,pchaigno,false,381,3,380,0,0
2727,closed,d33tah,false,arfon,false,0,4,0,0,0
2726,open,thewhitetulip,false,null,false,null,7,867,0,null
2725,open,arfon,false,null,false,null,0,null,null,null
2724,closed,cespare,false,lildude,true,756,8,750,6,0
2721,closed,logicmoo,false,arfon,false,118,4,118,0,0
2719,closed,ef4,false,arfon,false,1,2,0,1,0
2713,closed,ghost,false,null,false,1,7,144,0,142
2711,closed,wil93,false,arfon,false,0,1,0,0,0
2710,closed,philtay,false,arfon,false,31,3,31,0,0
2708,closed,JJ,false,JJ,false,0,1,0,0,0
2705,closed,santagada,false,arfon,false,0,1,0,0,0
2704,closed,dchambers,false,bkeepers,true,4,3,0,4,0
2697,closed,bodyflex,false,arfon,false,138,11,22,6,108
2695,closed,morganwahl,false,arfon,false,29,8,29,0,0
2693,open,pron,false,null,false,null,14,299,26,null
2692,closed,elifoster,false,arfon,false,7,4,7,0,0
2691,closed,berdario,false,arfon,false,2,1,0,2,0
2688,closed,ratherblue,false,ratherblue,false,0,3,37,0,37
2685,closed,dasilvacontin,false,pchaigno,false,273,6,260,0,12
2682,closed,ktemo,false,arfon,false,0,1,0,0,0
2679,closed,aledalgrande,false,arfon,false,9,10,9,0,0
2677,closed,davidfischer-ch,false,arfon,false,1,1,0,1,0
2674,closed,Mte90,false,Mte90,false,0,2,0,0,0
2673,closed,robmuh,false,arfon,false,0,2,0,0,0
2670,closed,jronak,false,jronak,false,0,1,0,0,0
2669,closed,dessalines,false,dessalines,false,0,8,0,0,0
2662,closed,aviaryan,false,aviaryan,false,0,12,369,0,369
2661,closed,Tanjoodo,false,Tanjoodo,false,1,6,0,1,0
2660,closed,pradyunsg,false,bkeepers,true,6,5,5,1,0
2659,closed,armadsen,false,armadsen,false,0,2,0,0,0
2658,closed,commonlisp,false,arfon,false,8,2,8,0,0
2657,closed,almightypush,false,almightypush,false,4,9,1,2,0
2652,open,gappleto97,false,null,false,null,2,0,4,null
2651,closed,yuwen41200,false,yuwen41200,false,169,7,159,9,0
2650,closed,jamen,false,jamen,false,28,4,179,8,159
2649,closed,jaredpetersen,false,bkeepers,true,13,1,0,8,5
2646,closed,BerkeleyTrue,false,BerkeleyTrue,false,5,3,4,4,3
2645,closed,jaredpetersen,false,arfon,false,11,6,11,0,0
2637,closed,steveluscher,false,arfon,false,210,12,28,0,182
2635,closed,xLs51,false,xLs51,false,0,2,0,0,0
2627,closed,jeaye,false,lildude,true,888,29,888,0,0
2626,closed,mattolenik,false,mattolenik,false,0,2,0,0,0
4011,closed,lildude,true,lildude,true,1,2,1,0,0
4009,closed,pchaigno,false,emilyistoofunky,false,78,10,2,76,0
4006,closed,zwilias,false,lildude,true,0,3,3,0,2
4004,closed,MartynasZilinskas,false,lildude,true,3,13,3,0,0
3999,closed,pchaigno,false,pchaigno,false,25,0,null,null,null
3998,closed,urschrei,false,lildude,true,0,1,0,0,0
3997,closed,BnSalahFahmi,false,lildude,true,0,3,0,0,0
3996,closed,zoharIOS,false,lildude,true,2,2,2,0,0
3993,closed,fuchstraumer,false,fuchstraumer,false,0,2,0,0,0
3991,closed,romeroperezabel,false,romeroperezabel,false,0,2,0,0,0
3990,closed,jottyfan,false,lildude,true,0,3,0,0,0
3988,closed,ilianaw,false,lildude,true,90,2,33,55,0
3987,closed,silas229,false,lildude,true,0,4,0,0,0
3986,closed,rixardo84,false,Alhadis,false,0,1,0,0,0
3985,closed,jesskrich,false,pchaigno,false,91,5,90,0,0
2618,closed,nemesiscodex,false,arfon,false,187,11,185,1,0
2617,closed,gsscoder,false,gsscoder,false,10,0,null,null,null
2611,closed,ghost,false,arfon,false,188,2,1,73,113
2609,closed,geshan,false,arfon,false,0,1,0,0,0
2608,closed,geshan,false,arfon,false,0,1,0,0,0
2598,closed,fyngyrz,false,lildude,true,903,43,688,215,0
2597,closed,rugk,false,rugk,false,0,1,0,0,0
2596,closed,serge-v,false,arfon,false,12,2,0,12,0
2595,closed,foresmac,false,bkeepers,true,42,3,4,37,0
2593,closed,pchaigno,false,pchaigno,false,0,4,0,0,0
2588,closed,larsbrinkhoff,false,larsbrinkhoff,false,0,3,0,0,0
2587,closed,porglezomp,false,arfon,false,0,1,0,0,0
2584,closed,vtols,false,vtols,false,0,1,0,0,0
2581,closed,dezelin,false,arfon,false,2,2,2,0,0
2579,closed,aruizca,false,arfon,false,116,1,0,0,116
2577,closed,flying-sheep,false,arfon,false,0,3,0,0,0
2576,closed,klmr,false,arfon,false,200,5,200,0,0
2575,closed,pchaigno,false,arfon,false,200,5,7,60,131
2569,closed,bluong,false,arfon,false,0,7,0,0,0
2564,closed,leo,false,leo,false,0,2,0,0,0
2563,closed,stuartpb,false,arfon,false,2,2,1,0,0
2562,closed,neilsteiner,false,arfon,false,1,5,2,0,1
2559,closed,kingkim00,false,arfon,false,0,0,null,null,null
2558,closed,slavafomin,false,arfon,false,6,2,467,0,461
2556,closed,edsilv,false,arfon,false,5,1,0,0,5
2553,closed,hbowden,false,arfon,false,0,1,0,0,0
2550,closed,mahfoud14,false,arfon,false,0,0,null,null,null
2544,closed,ghost,false,arfon,false,0,4,0,0,0
2543,closed,gavelino,false,arfon,false,0,2,4,0,4
2531,closed,jimhester,false,arfon,false,0,14,399,0,398
2530,closed,ghost,false,arfon,false,3,7,4,0,0
2529,closed,mdouglasbrett,false,mdouglasbrett,false,0,2,0,0,0
2528,closed,dpogue,false,pchaigno,false,334,4,322,11,0
2523,closed,GeneticGenesis,false,arfon,false,223,2,0,0,222
2521,closed,sbuberl,false,arfon,false,224,2,0,0,224
2520,closed,nelsonlaquet,false,arfon,false,0,1,0,0,0
2519,closed,tenhobi,false,tenhobi,false,0,1,0,0,0
2518,closed,arrowplum,false,arfon,false,13,4,9,4,0
2517,closed,fawind,false,fawind,false,100,1,0,0,100
2516,open,larsenwork,false,null,false,null,18,430,0,null
2511,closed,joelparkerhenderson,false,arfon,false,15,1,0,0,15
2509,closed,vszakats,false,vszakats,false,0,2,0,0,0
2505,closed,lazywei,false,arfon,false,233,5,232,0,0
2504,closed,imsys,false,arfon,false,19,10,18,0,0
2503,closed,burz,false,arfon,false,0,3,2,0,1
2495,closed,brainwater,false,arfon,false,2,5,0,1,0
2492,closed,ManiacTwister,false,arfon,false,1,4,0,1,0
2490,closed,yarwelp,false,yarwelp,false,0,2,0,0,0
2489,open,pchaigno,false,null,false,null,0,null,null,null
2486,closed,thorade,false,thorade,false,0,4,0,0,0
2485,closed,AdamSpeight2008,false,arfon,false,29,2,29,0,0
2480,closed,LandonSchropp,false,LandonSchropp,false,0,5,763,0,763
2475,closed,danvk,false,arfon,false,35,2,30,5,0
2473,closed,ming13,false,arfon,false,39,8,59,0,20
2472,closed,jjb,false,arfon,false,4,2,2,1,0
2470,closed,leo,false,leo,false,135,11,2,2,130
2469,closed,leo,false,arfon,false,5,4,0,5,0
2468,closed,dom96,false,arfon,false,10,3,6,4,0
2467,closed,brauliobo,false,arfon,false,42,3,30,12,0
2464,closed,phase,false,arfon,false,44,2,30,14,0
2462,closed,sam-m888,false,sam-m888,false,0,2,0,0,0
2461,closed,kyrahabattoir,false,arfon,false,9,6,1,0,8
2458,closed,chorny,false,arfon,false,0,1,0,0,0
2454,closed,dustinc,false,arfon,false,0,6,0,0,0
2452,closed,dagrooms52,false,pchaigno,false,380,4,380,0,0
2451,closed,narthur,false,narthur,false,0,2,0,0,0
2450,closed,M1cha,false,arfon,false,53,2,30,22,0
2444,closed,graymalkin,false,lildude,true,961,2,319,642,0
2442,closed,honzi,false,gjtorikian,false,0,2,0,0,0
2437,closed,bahamas10,false,arfon,false,138,2,137,0,0
2434,closed,gkobilansky,false,arfon,false,1,1,0,0,0
2433,closed,swang,false,swang,false,470,4,6,0,463
2430,closed,hnwfs,false,arfon,false,48,1,0,0,47
2424,closed,thelink2012,false,arfon,false,0,3,0,0,0
2423,closed,codemac,false,arfon,false,285,7,284,0,0
2421,closed,roadev,false,arfon,false,1,1,0,1,0
2418,open,peterennis,false,null,false,null,9,1074,0,null
2417,closed,witsch,false,arfon,false,290,2,290,0,0
2416,closed,yegortimoshenko,false,yegortimoshenko,false,1,2,0,0,0
2415,closed,yegortimoshenko,false,yegortimoshenko,false,1,1,0,0,0
2414,closed,SimenB,false,arfon,false,75,7,75,0,0
2412,closed,KCErb,false,arfon,false,6,3,0,0,6
2411,closed,ge0ffrey,false,arfon,false,0,1,0,0,0
2409,closed,SimenB,false,arfon,false,0,0,null,null,null
2408,closed,larsbrinkhoff,false,larsbrinkhoff,false,0,0,null,null,null
2404,closed,srsudar,false,arfon,false,0,8,1,0,0
2403,closed,ChimeraCoder,false,arfon,false,296,7,296,0,0
2402,closed,theFlawlessHack,false,arfon,false,1,2,1,0,0
2400,closed,mlms13,false,mlms13,false,13,5,8,4,0
2399,closed,metadings,false,metadings,false,0,2,0,0,0
2398,closed,ghost,false,null,false,102,13,280,0,178
2397,closed,pwr22,false,arfon,false,82,2,82,0,0
2396,closed,w00fz,false,w00fz,false,0,5,0,0,0
2389,closed,wkentaro,false,arfon,false,2,4,1,0,0
2385,closed,javathunderman,false,javathunderman,false,0,2,0,0,0
2384,closed,vitalyisaev2,false,arfon,false,312,7,312,0,0
2382,closed,larsbrinkhoff,false,pchaigno,false,580,16,572,8,0
2381,closed,phase,false,arfon,false,0,4,0,0,0
2377,closed,oshybystyi,false,arfon,false,0,4,0,0,0
2376,closed,deepsweet,false,arfon,false,370,27,370,0,0
2367,closed,davidbarratt,false,arfon,false,0,11,722,0,722
2366,closed,vog,false,arfon,false,28,11,39,0,11
2365,closed,mbdoud,false,arfon,false,4,13,4,0,0
2364,closed,mcandre,false,arfon,false,173,5,0,0,172
2362,closed,larsbrinkhoff,false,larsbrinkhoff,false,0,2,0,0,0
2361,closed,cvrebert,false,bkeepers,true,1,4,1,0,0
2360,closed,phase,false,arfon,false,100,1,0,100,0
2357,closed,faelys,false,aroben,false,0,5,7,0,7
2356,closed,eins78,false,eins78,false,0,4,0,0,0
2355,closed,viridian1138,false,arfon,false,104,2,72,31,0
2352,closed,clsacramento,false,arfon,false,1,3,1,0,0
2350,closed,phase,false,arfon,false,322,18,322,0,0
2349,closed,mdio,false,arfon,false,1,5,1,0,0
2347,closed,phase,false,arfon,false,1,12,1,0,0
2345,closed,ovr,false,ovr,false,0,2,0,0,0
2343,closed,ankurp,false,arfon,false,109,1,0,78,30
2338,closed,lucaswerkmeister,false,bkeepers,true,0,3,0,0,0
2336,closed,larsbrinkhoff,false,arfon,false,5,7,6,0,0
2332,closed,timvandermeij,false,arfon,false,0,5,0,0,0
2331,closed,arfon,false,lildude,true,982,5,633,0,349
2329,closed,papainoel,false,arfon,false,0,0,null,null,null
3980,closed,sichkar-valentyn,false,lildude,true,0,10,0,0,0
3979,closed,yurivict,false,pchaigno,false,0,1,0,0,0
3978,closed,man-u-13,false,lildude,true,0,4,1,0,1
3976,closed,zoffixznet,false,pchaigno,false,0,1,0,0,0
3975,closed,D4RKS0UL23,false,lildude,true,0,1,0,0,0
3974,closed,DaisyGuan,false,DaisyGuan,false,0,1,0,0,0
3971,closed,suraj-ravishankar,false,lildude,true,0,2,0,0,0
3969,closed,YellowAfterlife,false,pchaigno,false,114,2,33,68,12
3968,closed,MrFrankel,false,lildude,true,0,2,0,0,0
3967,closed,wibobm,false,lildude,true,69,2,68,0,0
3964,closed,dialex,false,lildude,true,1,1,0,1,0
3963,closed,lja672,false,lildude,true,1,2,1,1,1
3962,closed,0mk,false,0mk,false,2,2,2,0,0
3961,closed,NiketGandhir,false,pchaigno,false,0,1,0,0,0
3959,closed,lucidBrot,false,lildude,true,0,7,43,0,43
3958,closed,ReikaKalseki,false,pchaigno,false,0,1,0,0,0
3957,closed,rezan,false,pchaigno,false,0,5,0,0,0
3956,closed,lexxyxen,false,pchaigno,false,0,1,0,0,0
3954,closed,incognico,false,incognico,false,0,1,0,0,0
2321,closed,amk221,false,amk221,false,0,3,0,0,0
2320,closed,phase,false,phase,false,0,4,0,0,0
2318,closed,3flex,false,arfon,false,118,8,118,0,0
2317,closed,nunorafaelrocha,false,arfon,false,0,1,0,0,0
2316,closed,larsbrinkhoff,false,arfon,false,334,5,334,0,0
2315,closed,mariusschulz,false,aroben,false,0,5,0,0,0
2313,closed,alexflint,false,arfon,false,119,5,119,0,0
2310,closed,MattWhilden,false,arfon,false,337,7,336,0,0
2307,closed,DavidJFelix,false,arfon,false,47,7,45,1,0
2305,closed,ksallberg,false,arfon,false,0,3,0,0,0
2303,closed,pawandeep2155,false,arfon,false,0,2,0,0,0
2297,closed,Oldes,false,bkeepers,true,0,1,0,0,0
2292,closed,powerman,false,arfon,false,5,16,5,0,0
2288,closed,DTJF,false,arfon,false,342,24,342,0,0
2287,closed,fernandocanizo,false,arfon,false,0,2,0,0,0
2285,closed,phase,false,phase,false,0,2,0,0,0
2284,closed,caiotoon,false,kevinsawicki,false,1,4,1,0,0
2283,closed,pawandeep2155,false,arfon,false,2,1,0,0,2
2282,closed,mjemmeson,false,arfon,false,80,4,61,0,18
2281,closed,SanjayYadav90,false,arfon,false,0,1,0,0,0
2280,closed,larsbrinkhoff,false,larsbrinkhoff,false,0,2,0,0,0
2278,open,jmm,false,null,false,null,4,345,4,null
2277,closed,pawandeep2155,false,arfon,false,11,2,1,0,9
2273,closed,pawandeep2155,false,arfon,false,0,1,0,0,0
2271,closed,pawandeep2155,false,arfon,false,0,2,0,0,0
2267,closed,kirillDanshin,false,arfon,false,0,1,0,0,0
2260,closed,lpil,false,lpil,false,1,4,0,1,0
2258,closed,Shashwat986,false,arfon,false,4,1,0,0,4
2252,closed,pawandeep2155,false,arfon,false,0,1,0,0,0
2249,closed,larsbrinkhoff,false,larsbrinkhoff,false,1,16,1,0,0
2248,closed,pawandeep2155,false,arfon,false,7,5,14,0,7
2245,closed,WorksOfLiam,false,arfon,false,7,4,7,0,0
2244,closed,polybuildr,false,arfon,false,0,1,0,0,0
2240,closed,erbridge,false,erbridge,false,0,2,0,0,0
2238,closed,joewiz,false,arfon,false,5,4,4,4,2
2237,closed,lazywei,false,lazywei,false,115,9,109,5,0
2235,closed,torpedro,false,torpedro,false,2,10,2,0,0
2234,closed,BasicWolf,false,BasicWolf,false,1,2,0,1,0
2230,closed,tesch1,false,arfon,false,23,8,23,0,0
2228,closed,felipenmoura,false,arfon,false,2,3,356,0,354
2226,closed,pawandeep2155,false,arfon,false,0,1,0,0,0
2223,closed,roryokane,false,arfon,false,0,0,null,null,null
2221,closed,ArtemAvramenko,false,ArtemAvramenko,false,1,1,0,1,0
2220,closed,bensnyde,false,arfon,false,1,1,0,1,0
2219,closed,pawandeep2155,false,arfon,false,11,1,0,2,9
2217,closed,stevemao,false,arfon,false,9,9,200,0,191
2216,closed,eallik,false,arfon,false,3,2,3,0,0
2214,closed,hktaylan,false,arfon,false,80,3,80,0,0
2208,closed,samoht,false,arfon,false,11,37,45,0,34
2206,closed,dougnukem,false,lildude,true,963,51,963,0,0
2205,closed,lazywei,false,arfon,false,126,10,124,1,0
2201,closed,david-rahrer,false,arfon,false,83,3,83,0,0
2199,closed,larsbrinkhoff,false,arfon,false,10,3,0,10,0
2197,closed,tbodt,false,pchaigno,false,482,10,566,0,84
2195,closed,bkeepers,true,arfon,false,369,9,369,0,0
2194,closed,wyaeld,false,arfon,false,3,4,2,0,0
2191,closed,neurospeech,false,arfon,false,0,2,0,0,0
2190,closed,bkeepers,true,arfon,false,27,1,0,27,0
2187,closed,Miceuz,false,arfon,false,35,11,878,0,843
2186,closed,Miceuz,false,arfon,false,4,3,0,0,4
2185,closed,m93a,false,m93a,false,17,5,17,0,0
2182,closed,hdon,false,arfon,false,0,4,0,0,0
2172,closed,kmike,false,arfon,false,32,3,31,0,0
2169,closed,pchaigno,false,pchaigno,false,647,5,648,2,2
2166,closed,CodingAnarchy,false,bkeepers,true,1,4,1,0,0
2159,closed,Skippern,false,arfon,false,4,1,0,4,0
2156,closed,permcody,false,arfon,false,162,3,1,0,161
2155,closed,plentz,false,arfon,false,1,6,0,1,0
2149,closed,mintsoft,false,arfon,false,163,27,178,0,14
2148,closed,bdarnell,false,arfon,false,3,3,2,0,0
2140,closed,deviantintegral,false,arfon,false,0,3,4,0,4
2138,closed,larsbrinkhoff,false,arfon,false,381,13,381,0,0
2137,closed,Zachary-Holland,false,arfon,false,381,3,381,0,0
2134,closed,Kazark,false,aroben,false,1,13,1,0,0
2132,closed,jerstlouis,false,jerstlouis,false,0,4,0,0,0
2129,closed,MatejLach,false,MatejLach,false,0,1,0,0,0
2127,closed,pjanouch,false,arfon,false,6,6,6,0,0
2126,closed,bkeepers,true,bkeepers,true,0,8,3,0,3
2125,closed,alcohol,false,bkeepers,true,9,8,9,0,0
2124,closed,rikkit,false,aroben,false,3,4,3,3,2
2116,closed,HSchmale16,false,arfon,false,13,9,12,0,0
2115,closed,christianbundy,false,arfon,false,2,3,2,0,0
2113,closed,vitaut,false,vitaut,false,52,13,0,15,36
2106,closed,vitaut,false,arfon,false,0,10,0,0,0
2105,closed,vitaut,false,arfon,false,0,2,0,0,0
2104,closed,dcecile,false,pchaigno,false,503,2,0,503,0
2103,closed,manicolosi,false,arfon,false,0,2,0,0,0
2099,closed,MrabEzreb,false,arfon,false,5,6,6,0,0
2096,closed,larsbrinkhoff,false,arfon,false,0,6,0,0,0
2095,closed,JoshCheek,false,arfon,false,59,1,0,59,0
2090,closed,itshorty,false,bkeepers,true,0,1,0,0,0
2088,closed,flarn2006,false,arfon,false,0,2,0,0,0
2084,closed,anderssonfilip,false,arfon,false,17,3,55,0,37
2081,closed,SjonHortensius,false,arfon,false,5,6,6,0,0
2074,closed,kentfredric,false,arfon,false,23,2,18,5,0
2068,closed,jerstlouis,false,arfon,false,3,12,3,0,0
2067,closed,honzabrecka,false,arfon,false,3,7,1,2,0
2065,closed,scstauf,false,arfon,false,0,1,0,0,0
2062,closed,larsbrinkhoff,false,larsbrinkhoff,false,0,1,0,0,0
2061,closed,alxcancado,false,arfon,false,0,3,0,0,0
2060,closed,hscells,false,hscells,false,2,9,2,0,0
2054,closed,benzen,false,arfon,false,0,1,0,0,0
2053,closed,thorade,false,arfon,false,1,5,0,0,0
2052,closed,Distjubo,false,arfon,false,0,1,0,0,0
2051,closed,stevenvachon,false,arfon,false,6,2,0,6,0
2050,closed,rahulbahal7,false,arfon,false,0,2,0,0,0
2049,closed,Jaykul,false,Jaykul,false,0,2,0,0,0
2046,closed,deanwampler,false,deanwampler,false,0,2,0,0,0
2043,closed,vors,false,vors,false,1,4,1,1,1
2042,closed,pchaigno,false,pchaigno,false,158,7,156,2,0
2040,closed,jasonm23,false,pchaigno,false,519,5,519,0,0
2039,closed,mrkkrp,false,arfon,false,10,8,10,0,0
2038,closed,studerw,false,arfon,false,0,1,0,0,0
2036,closed,pchaigno,false,arfon,false,75,6,75,0,0
2035,closed,Vedaad-Shakib,false,arfon,false,0,1,0,0,0
2033,closed,akshaybabloo,false,arfon,false,0,1,0,0,0
2032,closed,Josema,false,arfon,false,0,1,0,0,0
2029,closed,johnt447,false,arfon,false,0,1,0,0,0
2028,closed,meatcoder,true,arfon,false,0,2,9,0,9
2027,closed,antoineco,false,arfon,false,1,3,1,0,0
2023,closed,dcecile,false,bkeepers,true,17,13,16,1,0
2022,closed,halirutan,false,arfon,false,0,1,0,0,0
2021,closed,davidchambers,false,arfon,false,0,2,0,0,0
2020,closed,mkotb,false,arfon,false,0,1,0,0,0
2019,closed,MorrisJobke,false,arfon,false,0,1,0,0,0
2018,closed,nikolas,false,aroben,false,0,3,0,0,0
2016,closed,maxnordlund,false,arfon,false,52,5,47,4,0
3952,closed,ShalokShalom,false,ShalokShalom,false,1,4,1,0,0
3951,closed,anselal,false,anselal,false,2,4,2,0,0
3950,closed,iblis17,false,pchaigno,false,0,4,10,0,10
3949,open,Haroenv,false,null,false,null,6,98,0,null
3944,closed,thomasrebele,false,thomasrebele,false,0,3,0,0,0
3941,closed,goroda,false,goroda,false,11,2,11,0,0
3940,closed,whymarrh,false,whymarrh,false,0,6,0,0,0
3939,closed,jirilebl,false,pchaigno,false,128,10,128,0,0
3938,closed,maxis42,false,maxis42,false,0,2,0,0,0
3936,closed,leecher1337,false,leecher1337,false,1,2,0,0,0
3929,closed,oldmud0,false,lildude,true,50,6,50,0,0
3924,open,vmg,true,Alhadis,false,null,16,74,0,null
2013,closed,y5a9f2y,false,arfon,false,0,3,0,0,0
2012,closed,martincostello,false,arfon,false,0,4,692,0,692
2010,closed,MarioZ,false,arfon,false,0,1,0,0,0
2008,closed,adamvoss,false,arfon,false,0,2,0,0,0
2004,closed,JJ,false,JJ,false,0,2,0,0,0
1997,closed,brtubb,false,arfon,false,0,1,0,0,0
1994,closed,scottnath,false,arfon,false,0,1,0,0,0
1993,closed,franklinchou,false,arfon,false,10,1,0,10,0
1992,closed,ashes999,false,ashes999,false,3,1,0,3,0
1991,closed,oldlaptop,false,arfon,false,42,5,41,1,0
1990,closed,invizinviz,false,arfon,false,0,2,0,0,0
1988,closed,rns,false,arfon,false,337,5,323,13,0
1987,closed,horvan,false,arfon,false,1,2,1,0,0
1985,closed,hammer,false,arfon,false,10,5,10,0,0
1984,closed,suan,false,bkeepers,true,0,16,1190,0,1190
1983,closed,superfunc,false,arfon,false,14,1,0,0,13
1972,closed,greghendershott,false,bkeepers,true,22,7,21,1,0
1971,closed,soegaard,false,arfon,false,13,4,0,13,0
1968,closed,msabramo,false,arfon,false,0,2,0,0,0
1967,closed,wewoor,false,arfon,false,0,3,0,0,0
1966,closed,maxwell5,false,arfon,false,0,1,0,0,0
1961,closed,aroben,false,bkeepers,true,2,9,2,0,0
1957,closed,rubys,false,aroben,false,1,1,0,1,0
1947,closed,MarkusH,false,bkeepers,true,0,8,0,0,0
1946,closed,soegaard,false,arfon,false,6,7,0,5,0
1943,closed,parkr,true,aroben,false,2,7,3,0,1
1939,closed,msabramo,false,pchaigno,false,702,26,702,0,0
1934,closed,akarve,false,arfon,false,0,1,0,0,0
1927,closed,ftena,false,arfon,false,0,1,0,0,0
1925,closed,huyanan,false,arfon,false,0,2,0,0,0
1919,closed,vinz243,false,arfon,false,7,5,7,0,0
1918,closed,martincmelik,false,arfon,false,170,3,152,0,18
1917,closed,sdhar86,false,arfon,false,0,2,1,0,1
1910,closed,arrchhy,false,arrchhy,false,0,2,0,0,0
1907,closed,DerKnerd,false,arfon,false,27,12,20,7,0
1903,closed,spplante,false,arfon,false,37,3,14,22,0
1901,closed,Alexey-T,false,Alexey-T,false,4,6,23,0,20
1898,closed,lintalist,false,arfon,false,32,9,43,0,10
1897,closed,06needhamt,false,arfon,false,0,4,0,0,0
1893,closed,dolezel,false,bkeepers,true,4,5,4,0,0
1889,closed,beurdouche,false,beurdouche,false,2,8,2,0,0
1887,closed,soegaard,false,arfon,false,24,8,4,19,0
1884,closed,ghost,false,arfon,false,0,0,null,null,null
1882,closed,Dorian,false,aroben,false,1,10,1,0,0
1880,closed,IonicaBizau,false,IonicaBizau,false,0,2,0,0,0
1879,closed,jmarshall,false,vmg,true,1,7,0,0,0
1874,closed,wdv4758h,false,bkeepers,true,0,2,0,0,0
1873,closed,JoePlant,false,arfon,false,38,20,1070,4,1036
1870,closed,sstur,false,arfon,false,42,10,42,0,0
1869,closed,rebelwarrior,false,arfon,false,0,1,0,0,0
1867,closed,botonchou,false,arfon,false,0,1,0,0,0
1862,closed,abalmos,false,arfon,false,39,5,39,0,0
1858,closed,greghendershott,false,greghendershott,false,206,3,2,203,0
1855,closed,arfon,false,arfon,false,1,6,1,0,0
1853,closed,unhammer,false,bkeepers,true,0,3,0,0,0
1851,closed,yidao620c,false,arfon,false,0,1,0,0,0
1849,closed,johanstenberg92,false,arfon,false,10,9,10,0,0
1847,closed,datasaurus,false,arfon,false,0,1,0,0,0
1846,closed,datasaurus,false,arfon,false,0,1,0,0,0
1843,closed,ryanmjacobs,false,ryanmjacobs,false,30,4,29,0,0
1839,closed,aidarbiktimirov,false,bkeepers,true,0,1,0,0,0
1836,closed,LPGhatguy,false,arfon,false,1,1,0,1,0
1833,closed,diversario,false,arfon,false,1,5,0,0,1
1826,closed,garris,false,arfon,false,0,1,0,0,0
1824,closed,derkreature,false,arfon,false,0,2,0,0,0
1822,closed,soegaard,false,arfon,false,37,14,35,2,0
1819,closed,hiredman,false,arfon,false,51,2,51,0,0
1814,closed,eiriktsarpalis,false,arfon,false,0,6,0,0,0
1810,closed,cydrobolt,false,bkeepers,true,0,2,0,0,0
1808,closed,cvrebert,false,arfon,false,0,2,0,0,0
1807,closed,dandv,false,bkeepers,true,0,3,0,0,0
1805,closed,Tourorist,false,aroben,false,1,3,1,0,0
1804,closed,shouya,false,arfon,false,87,2,87,0,0
1799,closed,ejc3,false,arfon,false,88,1,0,88,0
1794,closed,juliangamble,false,arfon,false,0,1,0,0,0
1792,closed,arfon,false,brandonblack,false,837,25,783,58,4
1789,closed,rakhimov,false,arfon,false,0,1,0,0,0
1777,closed,hoelzro,false,bkeepers,true,1,1,0,1,0
1769,closed,hiredman,false,arfon,false,58,2,58,0,0
1768,closed,vesparny,false,vesparny,false,0,2,0,0,0
1767,closed,wasamasa,false,arfon,false,137,6,0,137,0
1766,closed,aroben,false,arfon,false,45,21,346,0,300
1764,closed,ming13,false,bkeepers,true,0,1,0,0,0
1761,closed,titanous,false,arfon,false,469,13,469,0,0
1760,closed,ghost,false,bkeepers,true,1,1,0,0,1
1759,closed,heath,false,arfon,false,15,0,null,null,null
1746,closed,frankshearar,false,aroben,false,7,5,6,0,0
1744,closed,arfon,false,arfon,false,0,3,0,0,0
1740,closed,bkeepers,true,arfon,false,143,6,143,0,0
1739,closed,quantum1423,false,bkeepers,true,0,2,0,0,0
1725,closed,dscorbett,false,aroben,false,2,2,2,0,0
1721,closed,qerub,false,aroben,false,3,8,3,0,0
1720,closed,ccalvin,false,ccalvin,false,0,4,0,0,0
1719,closed,mkpankov,false,bkeepers,true,1,7,1,0,0
1718,closed,infomaniac50,false,bkeepers,true,1,4,1249,1,1249
1717,closed,greghendershott,false,aroben,false,3,25,4,0,1
1712,closed,JuanitoFatas,false,bkeepers,true,4,3,4,0,0
1711,closed,tripleee,false,bkeepers,true,2,1,0,0,2
3918,closed,eeshiken,false,eeshiken,false,0,3,6,0,6
3917,closed,mvit777,false,mvit777,false,2,4,2,0,0
3914,closed,DeBukkIt,false,pchaigno,false,7,1,0,0,7
3913,closed,JLLeitschuh,false,pchaigno,false,0,1,0,0,0
3912,closed,jhpratt,false,pchaigno,false,0,1,0,0,0
3911,closed,JonasT,false,lildude,true,10,5,9,0,0
3910,closed,vishuB,false,pchaigno,false,161,2,137,11,12
3909,closed,Sanchez3,false,Alhadis,false,0,4,0,0,0
3908,closed,olejandro,false,olejandro,false,0,4,0,0,0
3906,closed,zoffixznet,false,pchaigno,false,13,4,13,0,0
3904,closed,gauravsavadi,false,lildude,true,73,29,73,0,0
3901,closed,creatornader,false,pchaigno,false,17,2,0,0,16
3897,closed,tomecho,false,tomecho,false,1,2,0,0,0
3893,closed,Katsuke00,false,Katsuke00,false,0,3,0,0,0
3888,open,btreut,false,null,false,null,9,104,25,null
1700,closed,yanalex981,false,bkeepers,true,0,1,0,0,0
1692,closed,GrahamCampbell,false,GrahamCampbell,false,0,1,0,0,0
1691,closed,andresgutierrez,false,aroben,false,11,3,9,1,0
1690,closed,ArchieT,false,arfon,false,26,4,2,2,21
1689,closed,nalexiou,false,nalexiou,false,0,1,0,0,0
1688,closed,ahmadnassri,false,bkeepers,true,2,1,0,2,0
1685,closed,quasado,false,arfon,false,112,2,112,0,0
1684,closed,quasado,false,arfon,false,0,2,0,0,0
1682,closed,hoelzro,false,bkeepers,true,0,4,0,0,0
1681,closed,hoelzro,false,arfon,false,8,3,1,6,0
1680,closed,hoelzro,false,arfon,false,129,18,128,0,0
1677,closed,rspeicher,false,arfon,false,0,2,0,0,0
1676,closed,dariogriffo,false,arfon,false,0,3,0,0,0
1672,closed,lekhakpadmanabh,false,lekhakpadmanabh,false,0,2,0,0,0
1671,closed,mekkanizer,false,bkeepers,true,0,1,0,0,0
1670,closed,cstrahan,false,arfon,false,42,5,29,0,12
1668,closed,ghost,false,null,false,0,5,0,0,0
1667,closed,tianon,false,bkeepers,true,0,6,7,0,7
1666,closed,andrewtougas,false,andrewtougas,false,0,0,null,null,null
1665,closed,andrewtougas,false,andrewtougas,false,0,0,null,null,null
1664,closed,joshhartigan,false,joshhartigan,false,0,3,0,0,0
1662,closed,ikkez,false,bkeepers,true,0,7,0,0,0
1659,closed,abderraouf-adjal,false,arfon,false,0,2,0,0,0
1656,closed,ScrimpyCat,false,arfon,false,23,8,3,0,19
1655,closed,Tatsh,false,Tatsh,false,0,3,0,0,0
1651,closed,bkeepers,true,bkeepers,true,0,3,0,0,0
1649,closed,bkeepers,true,arfon,false,84,13,84,0,0
1648,closed,miteshpithadiya,false,bkeepers,true,0,2,4,0,4
1647,closed,gauravgaikwad777,false,bkeepers,true,0,1,0,0,0
1644,closed,Xe,false,arfon,false,0,2,0,0,0
1642,closed,ahmdrefat,false,arfon,false,0,1,0,0,0
1640,closed,samlambert,true,jlord,false,2,10,1,0,0
1638,closed,aroben,false,arfon,false,112,4,112,0,0
1635,closed,hearsilent,false,arfon,false,3,1,0,0,3
1629,closed,trockenasche,false,trockenasche,false,6,7,6,0,0
1628,closed,hwestman,false,bkeepers,true,26,3,22,8,4
1626,open,arfon,false,null,false,null,105,1216,0,null
1625,closed,jonathanGB,false,arfon,false,0,4,0,0,0
1624,closed,AustenLage,false,AustenLage,false,0,2,0,0,0
1619,closed,danijar,false,danijar,false,11,5,11,0,0
1618,closed,Berach,false,Berach,false,0,4,0,0,0
1607,closed,POPSuL,false,arfon,false,14,3,14,0,0
1606,closed,pchaigno,false,pchaigno,false,2,8,1,1,0
1603,closed,vamdt,false,vamdt,false,88,3,88,0,0
1599,closed,tejji,false,arfon,false,1,2,0,0,0
1598,closed,flarn2006,false,bkeepers,true,15,1,0,15,0
1591,closed,jamiewest,false,arfon,false,64,7,51,0,12
1583,closed,fegorama,false,arfon,false,4,2,4,0,0
1581,closed,misha,false,arfon,false,2,1,0,0,2
1580,closed,jdeblese,false,arfon,false,7,3,0,0,6
1579,closed,ShaneHarvey,false,ShaneHarvey,false,0,4,0,0,0
1578,closed,imyller,false,bkeepers,true,24,3,24,0,0
1577,closed,pbauman,false,pbauman,false,0,2,0,0,0
1576,closed,zchrissirhcz,false,arfon,false,158,10,188,0,30
1574,closed,evoxco,false,arfon,false,12,4,12,0,0
1572,closed,fingolfin,false,arfon,false,186,4,186,0,0
1571,closed,fingolfin,false,arfon,false,186,3,157,29,0
1569,closed,roman-neuhauser,false,arfon,false,523,7,738,0,215
1568,closed,roman-neuhauser,false,pchaigno,false,649,7,738,0,89
1566,closed,yoosefi,false,yoosefi,false,3,2,2,1,0
1564,closed,haruncalayer,false,tnm,false,11,0,null,null,null
1560,closed,KASTINpl,false,bkeepers,true,0,1,0,0,0
1559,closed,jon-c-silva,false,arfon,false,69,2,0,0,69
1558,closed,raymonstah,false,raymonstah,false,0,1,0,0,0
1556,closed,ashes999,false,ashes999,false,0,2,0,0,0
1550,closed,cwRichardKim,false,bkeepers,true,39,1,0,39,0
1548,closed,pchaigno,false,arfon,false,25,3,0,10,14
1543,closed,esdalmaijer,false,bkeepers,true,42,1,0,42,0
1539,closed,OneOfOne,false,arfon,false,30,2,30,0,0
1535,closed,jarcane,false,arfon,false,44,4,44,0,0
1528,open,fingolfin,false,null,false,null,18,882,0,null
1526,closed,samdavyson,false,arfon,false,1,4,1,0,0
1519,closed,realdomdom,false,arfon,false,49,8,49,0,0
1518,closed,sahat,false,arfon,false,35,4,12,22,0
1514,closed,mediavrog,false,arfon,false,7,1,0,7,0
1513,closed,XrXr,false,bkeepers,true,52,3,0,52,0
1512,closed,Wuzzy2,false,arfon,false,280,13,273,7,0
1510,closed,appzer0,false,bkeepers,true,11,27,11,0,0
1504,closed,fluffy-critter,false,bkeepers,true,56,4,56,0,0
1501,closed,hplahar,false,hplahar,false,0,2,0,0,0
1500,closed,Arul-,false,bkeepers,true,0,3,0,0,0
1496,closed,jacquerie,false,jacquerie,false,2,2,0,1,0
1495,closed,noxsicarius,false,noxsicarius,false,1,4,0,1,0
1494,closed,wasamasa,false,wasamasa,false,4,3,0,2,1
1493,closed,maxto,false,maxto,false,0,1,0,0,0
1488,closed,moontide,false,bkeepers,true,4,3,1,2,0
1487,closed,maloydor,false,jdennes,false,0,0,null,null,null
1486,closed,rsloot,false,bkeepers,true,4,1,0,3,1
1485,closed,khipkin,false,bkeepers,true,4,1,0,0,4
1483,closed,Kwimbee,false,arfon,false,221,11,216,6,0
1482,closed,cordoval,false,bkeepers,true,65,2,65,0,0
1481,closed,GordianNaught,false,bkeepers,true,7,1,0,0,6
1480,closed,mrivas,false,mrivas,false,0,5,0,0,0
1478,closed,nneonneo,false,bkeepers,true,10,3,0,0,10
1476,closed,amibug,false,jdennes,false,5,4,5,0,0
1472,closed,gruiz17,false,gruiz17,false,0,6,0,0,0
1471,closed,vitor-tadashi,false,jdennes,false,7,3,0,0,7
1469,closed,milani,false,milani,false,0,7,0,0,0
1468,closed,daugeldauge,false,bkeepers,true,44,8,45,0,0
1466,closed,Zimmi48,false,Zimmi48,false,0,2,0,0,0
1464,closed,mcandre,false,arfon,false,77,2,55,77,55
1463,closed,nyuszika7h,false,jdennes,false,11,3,10,1,0
1456,closed,larilampen,false,bkeepers,true,78,3,71,7,0
1455,closed,wxv,false,bkeepers,true,21,2,19,2,0
1453,closed,mcandre,false,arfon,false,237,8,181,55,0
1452,closed,kfatehi,false,jdennes,false,14,3,55,0,40
1450,closed,c4milo,false,c4milo,false,0,3,0,0,0
1449,closed,rowdyrabbit,false,bkeepers,true,22,4,22,0,0
1448,closed,amitSA,false,jdennes,false,20,3,0,0,19
1441,closed,aroben,false,aroben,false,0,1,0,0,0
1440,closed,Idolf,false,arfon,false,87,2,86,1,0
1439,closed,bjennings76,false,arfon,false,120,4,119,0,0
1436,closed,ovr,false,ovr,false,0,0,null,null,null
1434,closed,anubiann00b,false,anubiann00b,false,0,2,0,0,0
1431,closed,AlexanderMisel,false,bkeepers,true,4,5,4,0,0
1429,closed,Tyilo,false,bkeepers,true,4,6,0,0,3
1427,closed,kevrcress,false,bkeepers,true,5,9,4,0,0
1425,closed,bcj,false,bkeepers,true,5,3,5,0,0
1424,closed,almudenaris,false,almudenaris,false,0,4,0,0,0
1422,closed,yidavid,false,bkeepers,true,7,1,0,7,0
1420,closed,arthur-alves,false,arthur-alves,false,0,4,0,0,0
1414,closed,honzi,false,jdennes,false,3,4,3,0,0
1411,closed,evelynriossf,false,arfon,false,2,5,2,0,0
1410,closed,sk-,false,bkeepers,true,39,2,38,0,0
1409,closed,sk-,false,arfon,false,20,4,20,0,0
3884,closed,Alhadis,false,Alhadis,false,0,5,0,0,0
3881,closed,siscia,false,lildude,true,1,6,0,0,0
3878,closed,d4nyll,false,pchaigno,false,11,3,11,0,0
3876,closed,sylveon,false,pchaigno,false,2,2,0,2,0
3875,closed,Steveorevo,false,pchaigno,false,34,5,1,0,33
3867,closed,lorenzleutgeb,false,pchaigno,false,190,4,176,0,12
1402,closed,andrewdcato,false,tnm,false,4,1,0,4,0
1400,closed,Ernir,false,Ernir,false,15,4,1,14,0
1396,closed,manubete,false,manubete,false,2,3,8,2,8
1395,closed,jakezatecky,false,arfon,false,88,2,72,16,0
1391,closed,superjamie,false,superjamie,false,0,2,0,0,0
1390,closed,oruji,false,arfon,false,104,2,104,0,0
1389,closed,oruji,false,tnm,false,10,2,10,0,0
1388,closed,cldwalker,false,cldwalker,false,82,6,77,4,0
1386,closed,joeyspin,false,arfon,false,105,3,105,0,0
1374,closed,felixangell,false,felixangell,false,2,0,null,null,null
1373,closed,grantperry,false,grantperry,false,0,1,0,0,0
1369,closed,mr,false,arfon,false,114,5,114,0,0
1368,closed,ChusCarro,false,bkeepers,true,114,1,0,114,0
1367,closed,isteven,false,isteven,false,1,9,1,0,0
1366,closed,saurabhadeeb,false,bkeepers,true,28,4,61,22,55
1365,closed,olivierg13,false,arfon,false,113,5,112,1,0
1357,closed,yilongli,false,arfon,false,1,1,0,1,0
1356,closed,honzi,false,honzi,false,112,7,106,5,0
1355,closed,K-DawG007,false,arfon,false,2,2,2,0,0
1350,closed,nyuszika7h,false,arfon,false,117,8,117,0,0
1349,closed,develar,false,arfon,false,47,2,0,34,13
1347,closed,ComradePhilos,false,arfon,false,0,2,0,0,0
1345,closed,hereidk,false,arfon,false,240,1,0,240,0
1344,closed,111vandana,false,bkeepers,true,120,9,120,0,0
1340,closed,fmendez,false,fmendez,false,0,4,0,0,0
1338,closed,Th3Falc0n,false,arfon,false,3,6,1,0,1
1336,closed,CrimsonTautology,false,arfon,false,6,6,6,0,0
1334,closed,sanghal,false,arfon,false,6,2,6,0,0
1332,closed,bevacqua,false,arfon,false,76,4,0,26,49
1330,closed,richelbilderbeek,false,richelbilderbeek,false,0,2,0,0,0
1329,closed,fyroc,false,arfon,false,8,6,0,0,7
1327,closed,h0gar,false,arfon,false,8,1,0,8,0
1324,closed,J5lx,false,J5lx,false,115,1,0,0,115
1322,closed,cebe,false,arfon,false,12,2,12,0,0
1321,closed,eda-globetrotter,false,arfon,false,81,1,0,0,81
1319,closed,ArthurHlt,false,arfon,false,81,2,81,0,0
1315,closed,matildah,false,bkeepers,true,128,2,128,0,0
1314,closed,Atry,false,arfon,false,13,3,0,12,0
1310,closed,dibaggioj,false,dibaggioj,false,1,1,0,0,1
1307,closed,jiyinyiyong,false,arfon,false,85,4,0,0,85
1302,closed,Litschan,false,Litschan,false,0,2,0,0,0
1301,closed,eda-globetrotter,false,arfon,false,118,1,0,0,118
1298,closed,biergaizi,false,biergaizi,false,124,8,0,0,124
1286,closed,ghost,false,null,false,0,0,null,null,null
1281,closed,pr0gramania,false,jdennes,false,0,2,0,0,0
1277,closed,ericjang,false,jdennes,false,2,2,2,0,0
1276,closed,SirCmpwn,false,SirCmpwn,false,127,7,127,0,0
1275,closed,wesleytodd,false,arfon,false,136,2,136,0,0
1274,closed,euclio,false,arfon,false,125,0,null,null,null
1271,closed,Rarst,false,Rarst,false,133,4,132,0,0
1266,closed,WorksOfLiam,false,arfon,false,176,1,0,0,175
1265,closed,Alexey-T,false,Alexey-T,false,107,3,106,0,0
1264,closed,AnonymousMeerkat,false,bkeepers,true,145,11,144,0,0
1263,closed,smileyborg,false,smileyborg,false,0,2,0,0,0
1262,closed,vdtodorov93,false,jdennes,false,10,1,0,0,10
1251,closed,gsauthof,false,arfon,false,181,3,19,181,19
1250,closed,gsauthof,false,bkeepers,true,149,4,149,0,0
1249,closed,Vdragon,false,arfon,false,135,7,33,3,98
1247,closed,magnetophon,false,arfon,false,34,1,0,34,0
1243,closed,seanhandley,false,seanhandley,false,0,1,0,0,0
1240,closed,rcdilorenzo,false,arfon,false,0,3,3,0,3
1236,closed,aaronraimist,false,arfon,false,0,1,0,0,0
1235,closed,ghost,false,arfon,false,0,1,0,0,0
1234,closed,korun,false,korun,false,0,3,0,0,0
1229,closed,itsnauman,false,arfon,false,2,2,2,0,0
1225,closed,aj0strow,false,aj0strow,false,1,1,0,1,0
1223,closed,StrictlySkyler,false,StrictlySkyler,false,3,5,0,3,0
1222,closed,awlayton,false,bkeepers,true,156,6,156,0,0
1221,closed,zielliger,false,bkeepers,true,157,4,156,0,0
1218,closed,vdemario,false,arfon,false,276,3,271,5,0
1216,closed,euclio,false,euclio,false,1,4,1,0,0
1214,closed,MarisaKirisame,false,bkeepers,true,161,3,161,0,0
1213,closed,alindeman,false,alindeman,false,0,3,0,0,0
1210,closed,thefotios,false,arfon,false,148,9,147,1,0
1207,closed,orthopteroid,false,orthopteroid,false,13,2,2,10,0
1205,closed,dmvaldman,false,arfon,false,13,8,10,3,0
1204,closed,angoca,false,arfon,false,285,6,281,3,0
1202,closed,maandree,false,arfon,false,163,3,156,6,0
1201,closed,ducu,false,ducu,false,13,6,13,0,0
1197,closed,maciejlach,false,arfon,false,154,9,154,0,0
1195,closed,ichiefboz,false,ichiefboz,false,7,1,0,7,0
1193,closed,ThemisB,false,bkeepers,true,113,4,107,5,0
1192,closed,thamsrang,false,jdennes,false,35,4,22,12,0
1191,closed,alexfish,false,alexfish,false,8,5,7,0,0
1189,closed,dfellis,false,dfellis,false,0,2,0,0,0
1186,closed,Oldes,false,arfon,false,171,6,172,0,1
1185,closed,stefaniuk,false,arfon,false,244,5,218,22,3
1182,closed,alflanagan,false,alflanagan,false,1,2,1,0,0
1180,closed,james2doyle,false,james2doyle,false,0,5,0,0,0
1177,closed,zeyuanxy,false,jdennes,false,42,1,0,0,42
1176,closed,Kazark,false,arfon,false,176,1,0,0,175
1173,closed,ghost,false,arfon,false,28,2,27,0,0
1163,closed,dubzzz,false,dubzzz,false,30,1,0,0,30
1162,closed,bluegum,false,arfon,false,1,1,0,0,0
1161,closed,mholt,false,mholt,false,0,2,0,0,0
1154,closed,audy,false,audy,false,1,5,0,0,0
1153,closed,Pacoup,false,arfon,false,184,6,121,63,0
1152,closed,machinekoder,false,arfon,false,317,13,306,0,11
1151,closed,takezoe,false,takezoe,false,50,2,50,0,0
1149,closed,jerstlouis,false,arfon,false,170,2,0,170,0
1148,closed,jerstlouis,false,arfon,false,183,1,0,183,0
1147,closed,gamtiq,false,arfon,false,170,1,0,170,0
1145,closed,Rolinh,false,arfon,false,3,2,0,0,3
1139,closed,klmr,false,arfon,false,36,8,50,0,13
1138,closed,hunterwayne7,false,arfon,false,3,0,null,null,null
1134,closed,Tamikapettaway,false,arfon,false,3,1,0,3,0
1133,closed,NiklasRosenstein,false,arfon,false,37,3,36,0,0
1131,closed,jonathanhirz,false,arfon,false,74,3,74,0,0
1127,closed,don-clugston-sociomantic,false,arfon,false,38,3,38,0,0
1124,closed,laurelfan,false,laurelfan,false,0,1,0,98,98
1118,closed,pchaigno,false,pchaigno,false,76,8,74,1,0
1113,closed,natanaelsimoes,false,arfon,false,40,1,0,0,40
1112,closed,ghost,false,arfon,false,0,0,null,null,null
